TS,PID,TYPE,FLAG,PATTERN,OPEN,CREATE,DELETE,ENCRYPT,FILENAME
5871756638316,8543,0,1,0,0,1,0,1,/sys/kernel/debug/tracing/events/syscalls/sys_enter_unlink/id
5871758961006,8543,0,1,0,0,1,0,1,/sys/kernel/debug/tracing/events/syscalls/sys_enter_unlinkat/id
5871875841399,8543,0,1,0,0,1,0,1,/usr/lib/debug/.build-id/4c
5871876533284,8543,0,1,0,0,1,0,1,/usr/lib/debug/.build-id/34
5871877356812,8543,0,1,0,0,1,0,1,/usr/lib/debug/.build-id/fd
5871878019503,8543,0,1,0,0,1,0,1,/usr/lib/debug/.build-id/71
5871878933411,8543,0,1,0,0,1,0,1,/usr/lib/debug/.build-id/ee
5871879523183,8543,0,1,0,0,1,0,1,/usr/lib/debug/.build-id/15
5871880203627,8543,0,1,0,0,1,0,1,/usr/lib/debug/.build-id/f8
5871880804106,8543,0,1,0,0,1,0,1,/usr/lib/debug/.build-id/04
5871881388599,8543,0,1,0,0,1,0,1,/usr/lib/debug/.build-id/c6
5871882081379,8543,0,1,0,0,1,0,1,/usr/lib/debug/.build-id/f9
5871882819456,8543,0,1,0,0,1,0,1,/usr/lib/debug/.build-id/e6
5871884163693,8543,0,1,0,0,1,0,1,/usr/lib/debug/.build-id/c9
5871884671584,8543,0,1,0,0,1,0,1,/usr/lib/debug/.build-id/78
5871885262395,8543,0,1,0,0,1,0,1,/usr/lib/debug/.build-id/50
5871885927344,8543,0,1,0,0,1,0,1,/usr/lib/debug/.build-id/12
5871886443650,8543,0,1,0,0,1,0,1,/usr/lib/debug/.build-id/62
5871887079931,8543,0,1,0,0,1,0,1,/usr/lib/debug/.build-id/36
5871887762288,8543,0,1,0,0,1,0,1,/usr/lib/debug/.build-id/1c
5871888289554,8543,0,1,0,0,1,0,1,/usr/lib/debug/.build-id/be
5871888936330,8543,0,1,0,0,1,0,1,/usr/lib/debug/.build-id/80
5871889722580,8543,0,1,0,0,1,0,1,/usr/lib/debug/.build-id/67
5871890395321,8543,0,1,0,0,1,0,1,/usr/lib/debug/.build-id/23
5871891032029,8543,0,1,0,0,1,0,1,/usr/lib/debug/.build-id/09
5871891820687,8543,0,1,0,0,1,0,1,/usr/lib/debug/.build-id/6d
5871892484741,8543,0,1,0,0,1,0,1,/usr/lib/debug/.build-id/25
5871893185355,8543,0,1,0,0,1,0,1,/usr/lib/debug/.build-id/f2
5871893841509,8543,0,1,0,0,1,0,1,/usr/lib/debug/.build-id/9c
5871894527540,8543,0,1,0,0,1,0,1,/usr/lib/debug/.build-id/3a
5871895117538,8543,0,1,0,0,1,0,1,/usr/lib/debug/.build-id/db
5871895589257,8543,0,1,0,0,1,0,1,/usr/lib/debug/.build-id/7e
5871896198591,8543,0,1,0,0,1,0,1,/usr/lib/debug/.build-id/e4
5871896905181,8543,0,1,0,0,1,0,1,/usr/lib/debug/.build-id/b2
5871897492544,8543,0,1,0,0,1,0,1,/usr/lib/debug/.build-id/ff
5871898147415,8543,0,1,0,0,1,0,1,/usr/lib/debug/.build-id/28
5871898743777,8543,0,1,0,0,1,0,1,/usr/lib/debug/.build-id/40
5871899420822,8543,0,1,0,0,1,0,1,/usr/lib/debug/.build-id/a4
5871900210634,8543,0,1,0,0,1,0,1,/usr/lib/debug/.build-id/e5
5871901038576,8543,0,1,0,0,1,0,1,/usr/lib/debug/.build-id/dd
5871901525338,8543,0,1,0,0,1,0,1,/usr/lib/debug/.build-id/3d
5871902501157,8543,0,1,0,0,1,0,1,/usr/lib/debug/.build-id/10
5871903336230,8543,0,1,0,0,1,0,1,/usr/lib/debug/.build-id/57
5871904051092,8543,0,1,0,0,1,0,1,/usr/lib/debug/.build-id/97
5871904807538,8543,0,1,0,0,1,0,1,/usr/lib/debug/.build-id/24
5871905385868,8543,0,1,0,0,1,0,1,/usr/lib/debug/.build-id/92
5871906034622,8543,0,1,0,0,1,0,1,/usr/lib/debug/.build-id/35
5871906884784,8543,0,1,0,0,1,0,1,/usr/lib/debug/.build-id/f4
5871907573463,8543,0,1,0,0,1,0,1,/usr/lib/debug/.build-id/86
5871908379646,8543,0,1,0,0,1,0,1,/usr/lib/debug/.build-id/55
5871909112442,8543,0,1,0,0,1,0,1,/usr/lib/debug/.build-id/38
5871909780507,8543,0,1,0,0,1,0,1,/usr/lib/debug/.build-id/1b
5871910367601,8543,0,1,0,0,1,0,1,/usr/lib/debug/.build-id/88
5871910966014,8543,0,1,0,0,1,0,1,/usr/lib/debug/.build-id/5d
5871911563210,8543,0,1,0,0,1,0,1,/usr/lib/debug/.build-id/9e
5871912218369,8543,0,1,0,0,1,0,1,/usr/lib/debug/.build-id/75
5871912922411,8543,0,1,0,0,1,0,1,/usr/lib/debug/.build-id/83
5871913635264,8543,0,1,0,0,1,0,1,/usr/lib/debug/.build-id/ea
5871914306905,8543,0,1,0,0,1,0,1,/usr/lib/debug/.build-id/b8
5871914998094,8543,0,1,0,0,1,0,1,/usr/lib/debug/.build-id/ae
5871915665498,8543,0,1,0,0,1,0,1,/usr/lib/debug/.build-id/48
5871916230241,8543,0,1,0,0,1,0,1,/usr/lib/debug/.build-id/ec
5871916900179,8543,0,1,0,0,1,0,1,/usr/lib/debug/.build-id/4a
5871917575929,8543,0,1,0,0,1,0,1,/usr/lib/debug/.build-id/73
5871918091065,8543,0,1,0,0,1,0,1,/usr/lib/debug/.build-id/8d
5871918869561,8543,0,1,0,0,1,0,1,/usr/lib/debug/.build-id/90
5871919549011,8543,0,1,0,0,1,0,1,/usr/lib/debug/.build-id/da
5871920260041,8543,0,1,0,0,1,0,1,/usr/lib/debug/.build-id/8b
5871921104510,8543,0,1,0,0,1,0,1,/usr/lib/debug/.build-id/33
5871921697321,8543,0,1,0,0,1,0,1,/usr/lib/debug/.build-id/f0
5871922363508,8543,0,1,0,0,1,0,1,/usr/lib/debug/.build-id/27
5871922980760,8543,0,1,0,0,1,0,1,/usr/lib/debug/.build-id/e3
5871923826696,8543,0,1,0,0,1,0,1,/usr/lib/debug/.build-id/c4
5871924694898,8543,0,1,0,0,1,0,1,/usr/lib/debug/.build-id/d9
5871925336109,8543,0,1,0,0,1,0,1,/usr/lib/debug/.build-id/6c
5871926018442,8543,0,1,0,0,1,0,1,/usr/lib/debug/.build-id/08
5871926833240,8543,0,1,0,0,1,0,1,/usr/lib/debug/.build-id/8f
5871927411384,8543,0,1,0,0,1,0,1,/usr/lib/debug/.build-id/fc
5871928119579,8543,0,1,0,0,1,0,1,/usr/lib/debug/.build-id/56
5871928768946,8543,0,1,0,0,1,0,1,/usr/lib/debug/.build-id/f6
5871929071575,8543,0,1,0,0,1,0,1,/usr/lib/debug/.build-id/7b
5871929343808,8543,0,1,0,0,1,0,1,/usr/lib/debug/.build-id/31
5871929612310,8543,0,1,0,0,1,0,1,/usr/lib/debug/.build-id/37
5871929941356,8543,0,1,0,0,1,0,1,/usr/lib/debug/.build-id/a5
5871930470947,8543,0,1,0,0,1,0,1,/usr/lib/debug/.build-id/a1
5871930974475,8543,0,1,0,0,1,0,1,/usr/lib/debug/.build-id/66
5871931441338,8543,0,1,0,0,1,0,1,/usr/lib/debug/.build-id/8c
5871931774651,8543,0,1,0,0,1,0,1,/usr/lib/debug/.build-id/7d
5871932000607,8543,0,1,0,0,1,0,1,/usr/lib/debug/.build-id/53
5871932271308,8543,0,1,0,0,1,0,1,/usr/lib/debug/.build-id/9a
5871932560623,8543,0,1,0,0,1,0,1,/usr/lib/debug/.build-id/c1
5871932975792,8543,0,1,0,0,1,0,1,/usr/lib/debug/.build-id/d6
5871933271472,8543,0,1,0,0,1,0,1,/usr/lib/debug/.build-id/af
5871933657943,8543,0,1,0,0,1,0,1,/usr/lib/debug/.build-id/cb
5871934034153,8543,0,1,0,0,1,0,1,/usr/lib/debug/.build-id/51
5871934304935,8543,0,1,0,0,1,0,1,/usr/lib/debug/.build-id/0c
5871934607837,8543,0,1,0,0,1,0,1,/usr/lib/debug/.build-id/6f
5871934912011,8543,0,1,0,0,1,0,1,/usr/lib/debug/.build-id/b1
5871935182698,8543,0,1,0,0,1,0,1,/usr/lib/debug/.build-id/42
5871935446076,8543,0,1,0,0,1,0,1,/usr/lib/debug/.build-id/e0
5871935705152,8543,0,1,0,0,1,0,1,/usr/lib/debug/.build-id/60
5871936002689,8543,0,1,0,0,1,0,1,/usr/lib/debug/.build-id/3f
5871936234307,8543,0,1,0,0,1,0,1,/usr/lib/debug/.build-id/17
5871936499648,8543,0,1,0,0,1,0,1,/usr/lib/debug/.build-id/63
5871936776321,8543,0,1,0,0,1,0,1,/usr/lib/debug/.build-id/3b
5871937150570,8543,0,1,0,0,1,0,1,/usr/lib/debug/.build-id/03
5871937437180,8543,0,1,0,0,1,0,1,/usr/lib/debug/.build-id/ba
5871937691714,8543,0,1,0,0,1,0,1,/usr/lib/debug/.build-id/a3
5871937963732,8543,0,1,0,0,1,0,1,/usr/lib/debug/.build-id/d1
5871938248152,8543,0,1,0,0,1,0,1,/usr/lib/debug/.build-id/c0
5871938909098,8543,0,1,0,0,1,0,1,/usr/lib/debug/.build-id/2b
5871939192183,8543,0,1,0,0,1,0,1,/usr/lib/debug/.build-id/2d
5871939485385,8543,0,1,0,0,1,0,1,/usr/lib/debug/.build-id/8a
5871939775510,8543,0,1,0,0,1,0,1,/usr/lib/debug/.build-id/a0
5871940047105,8543,0,1,0,0,1,0,1,/usr/lib/debug/.build-id/ac
5871940372492,8543,0,1,0,0,1,0,1,/usr/lib/debug/.build-id/02
5871940667104,8543,0,1,0,0,1,0,1,/usr/lib/debug/.build-id/76
5871940945988,8543,0,1,0,0,1,0,1,/usr/lib/debug/.build-id/30
5871941168424,8543,0,1,0,0,1,0,1,/usr/lib/debug/.build-id/22
5871941474409,8543,0,1,0,0,1,0,1,/usr/lib/debug/.build-id/b5
5871941748433,8543,0,1,0,0,1,0,1,/usr/lib/debug/.build-id/0b
5871942052041,8543,0,1,0,0,1,0,1,/usr/lib/debug/.build-id/95
5871942363540,8543,0,1,0,0,1,0,1,/usr/lib/debug/.build-id/39
5871942656255,8543,0,1,0,0,1,0,1,/usr/lib/debug/.build-id/d4
5871942956695,8543,0,1,0,0,1,0,1,/usr/lib/debug/.build-id/aa
5871943169358,8543,0,1,0,0,1,0,1,/usr/lib/debug/.build-id/f1
5871943458034,8543,0,1,0,0,1,0,1,/usr/lib/debug/.build-id/26
5871943718222,8543,0,1,0,0,1,0,1,/usr/lib/debug/.build-id/54
5871944000584,8543,0,1,0,0,1,0,1,/usr/lib/debug/.build-id/4b
5871944287377,8543,0,1,0,0,1,0,1,/usr/lib/debug/.build-id/9d
5871944599530,8543,0,1,0,0,1,0,1,/usr/lib/debug/.build-id/bc
5871944855476,8543,0,1,0,0,1,0,1,/usr/lib/debug/.build-id/07
5871945182792,8543,0,1,0,0,1,0,1,/usr/lib/debug/.build-id/c2
5871945452102,8543,0,1,0,0,1,0,1,/usr/lib/debug/.build-id/e9
5871945718071,8543,0,1,0,0,1,0,1,/usr/lib/debug/.build-id/2f
5871945982617,8543,0,1,0,0,1,0,1,/usr/lib/debug/.build-id/e7
5871946201710,8543,0,1,0,0,1,0,1,/usr/lib/debug/.build-id/a2
5871946463332,8543,0,1,0,0,1,0,1,/usr/lib/unity-settings-daemon-1.0
5871946820712,8543,0,1,0,0,1,0,1,/usr/lib/unity-settings-daemon-1.0/gtk-modules
5871947245986,8543,0,1,0,0,1,0,1,/usr/lib/groff
5871947952395,8543,0,1,0,0,1,0,1,/usr/lib/groff/site-tmac
5871948703800,8543,0,1,0,0,1,0,1,/usr/lib/update-notifier
5871949098815,8543,0,1,0,0,1,0,1,/usr/lib/gvfs
5871954092386,8543,0,1,0,0,1,0,1,/usr/lib/software-properties
5871954928683,8543,0,1,0,0,1,0,1,/usr/lib/xserver-xorg-video-intel
5871955508416,8543,0,1,0,0,1,0,1,/usr/lib/networkd-dispatcher
5871957330551,8543,0,1,0,0,1,0,1,/usr/lib/networkd-dispatcher/routable.d
5871957919017,8543,0,1,0,0,1,0,1,/usr/lib/networkd-dispatcher/carrier.d
5871958500785,8543,0,1,0,0,1,0,1,/usr/lib/networkd-dispatcher/dormant.d
5871959174928,8543,0,1,0,0,1,0,1,/usr/lib/networkd-dispatcher/degraded.d
5871959782960,8543,0,1,0,0,1,0,1,/usr/lib/networkd-dispatcher/no-carrier.d
5871960498896,8543,0,1,0,0,1,0,1,/usr/lib/networkd-dispatcher/off.d
5871961067938,8543,0,1,0,0,1,0,1,/usr/lib/ssl
5871963750003,8543,0,1,0,0,1,0,1,/usr/lib/ssl/misc
5871964058843,8543,0,1,0,0,1,0,1,/usr/lib/firmware
5872007719868,8543,0,1,0,0,1,0,1,/usr/lib/firmware/libertas
5872011443243,8543,0,1,0,0,1,0,1,/usr/lib/firmware/amd-ucode
5872012185580,8543,0,1,0,0,1,0,1,/usr/lib/firmware/arm
5872013237079,8543,0,1,0,0,1,0,1,/usr/lib/firmware/arm/mali
5872014304496,8543,0,1,0,0,1,0,1,/usr/lib/firmware/arm/mali/arch10.8
5872015234440,8543,0,1,0,0,1,0,1,/usr/lib/firmware/adaptec
5872016137507,8543,0,1,0,0,1,0,1,/usr/lib/firmware/qca
5872019186176,8543,0,1,0,0,1,0,1,/usr/lib/firmware/edgeport
5872019689370,8543,0,1,0,0,1,0,1,/usr/lib/firmware/bnx2
5872019943007,8543,0,1,0,0,1,0,1,/usr/lib/firmware/cxgb3
5872020194898,8543,0,1,0,0,1,0,1,/usr/lib/firmware/intel-ucode
5872020888933,8543,0,1,0,0,1,0,1,/usr/lib/firmware/qed
5872021511108,8543,0,1,0,0,1,0,1,/usr/lib/firmware/kaweth
5872022233606,8543,0,1,0,0,1,0,1,/usr/lib/firmware/av7110
5872022768882,8543,0,1,0,0,1,0,1,/usr/lib/firmware/yam
5872023412755,8543,0,1,0,0,1,0,1,/usr/lib/firmware/sun
5872023832271,8543,0,1,0,0,1,0,1,/usr/lib/firmware/cypress
5872024298297,8543,0,1,0,0,1,0,1,/usr/lib/firmware/brcm
5872035331006,8543,0,1,0,0,1,0,1,/usr/lib/firmware/imx
5872035730163,8543,0,1,0,0,1,0,1,/usr/lib/firmware/imx/sdma
5872035972971,8543,0,1,0,0,1,0,1,/usr/lib/firmware/mrvl
5872036118292,8543,0,1,0,0,1,0,1,/usr/lib/firmware/mrvl/cpt04
5872036594384,8543,0,1,0,0,1,0,1,/usr/lib/firmware/mrvl/cpt03
5872036984370,8543,0,1,0,0,1,0,1,/usr/lib/firmware/mrvl/prestera
5872037378854,8543,0,1,0,0,1,0,1,/usr/lib/firmware/mrvl/cpt01
5872037796885,8543,0,1,0,0,1,0,1,/usr/lib/firmware/mrvl/cpt02
5872038218917,8543,0,1,0,0,1,0,1,/usr/lib/firmware/liquidio
5872038587370,8543,0,1,0,0,1,0,1,/usr/lib/firmware/i915
5872040126731,8543,0,1,0,0,1,0,1,/usr/lib/firmware/rtw88
5872040471305,8543,0,1,0,0,1,0,1,/usr/lib/firmware/dpaa2
5872040666040,8543,0,1,0,0,1,0,1,/usr/lib/firmware/dpaa2/mc
5872040860727,8543,0,1,0,0,1,0,1,/usr/lib/firmware/rsi
5872041041803,8543,0,1,0,0,1,0,1,/usr/lib/firmware/nxp
5872041352590,8543,0,1,0,0,1,0,1,/usr/lib/firmware/mwl8k
5872041606414,8543,0,1,0,0,1,0,1,/usr/lib/firmware/rockchip
5872041949717,8543,0,1,0,0,1,0,1,/usr/lib/firmware/tigon
5872042302118,8543,0,1,0,0,1,0,1,/usr/lib/firmware/cadence
5872042508610,8543,0,1,0,0,1,0,1,/usr/lib/firmware/ess
5872042707210,8543,0,1,0,0,1,0,1,/usr/lib/firmware/netronome
5872045716554,8543,0,1,0,0,1,0,1,/usr/lib/firmware/netronome/flower
5872047630826,8543,0,1,0,0,1,0,1,/usr/lib/firmware/netronome/nic-sriov
5872047905445,8543,0,1,0,0,1,0,1,/usr/lib/firmware/netronome/bpf
5872048128091,8543,0,1,0,0,1,0,1,/usr/lib/firmware/netronome/nic
5872048145660,8543,0,1,0,0,1,0,1,/usr/lib/firmware/e100
5872048294458,8543,0,1,0,0,1,0,1,/usr/lib/firmware/zd1211
5872048863299,8543,0,1,0,0,1,0,1,/usr/lib/firmware/ixp4xx
5872049175651,8543,0,1,0,0,1,0,1,/usr/lib/firmware/cnm
5872049347310,8543,0,1,0,0,1,0,1,/usr/lib/firmware/acenic
5872049754472,8543,0,1,0,0,1,0,1,/usr/lib/firmware/rtl_bt
5872050617607,8543,0,1,0,0,1,0,1,/usr/lib/firmware/rtw89
5872051479422,8543,0,1,0,0,1,0,1,/usr/lib/firmware/ath9k_htc
5872051877447,8543,0,1,0,0,1,0,1,/usr/lib/firmware/inside-secure
5872052466597,8543,0,1,0,0,1,0,1,/usr/lib/firmware/inside-secure/eip197_minifw
5872053082030,8543,0,1,0,0,1,0,1,/usr/lib/firmware/asihpi
5872053853558,8543,0,1,0,0,1,0,1,/usr/lib/firmware/realtek
5872054781485,8543,0,1,0,0,1,0,1,/usr/lib/firmware/realtek/rt1320
5872055259815,8543,0,1,0,0,1,0,1,/usr/lib/firmware/slicoss
5872055761667,8543,0,1,0,0,1,0,1,/usr/lib/firmware/moxa
5872056261836,8543,0,1,0,0,1,0,1,/usr/lib/firmware/mellanox
5872056856275,8543,0,1,0,0,1,0,1,/usr/lib/firmware/mediatek
5872057957750,8543,0,1,0,0,1,0,1,/usr/lib/firmware/mediatek/mt7996
5872058471115,8543,0,1,0,0,1,0,1,/usr/lib/firmware/mediatek/mt8195
5872058997301,8543,0,1,0,0,1,0,1,/usr/lib/firmware/mediatek/mt8186
5872059811091,8543,0,1,0,0,1,0,1,/usr/lib/firmware/mediatek/mt8173
5872059854314,8543,0,1,0,0,1,0,1,/usr/lib/firmware/mediatek/mt8192
5872060473549,8543,0,1,0,0,1,0,1,/usr/lib/firmware/mediatek/sof
5872061104891,8543,0,1,0,0,1,0,1,/usr/lib/firmware/mediatek/mt8183
5872061750287,8543,0,1,0,0,1,0,1,/usr/lib/firmware/mediatek/mt7988
5872062413828,8543,0,1,0,0,1,0,1,/usr/lib/firmware/mediatek/mt7925
5872063570616,8543,0,1,0,0,1,0,1,/usr/lib/firmware/mediatek/sof-tplg
5872064245479,8543,0,1,0,0,1,0,1,/usr/lib/firmware/xe
5872064901458,8543,0,1,0,0,1,0,1,/usr/lib/firmware/amlogic
5872065604620,8543,0,1,0,0,1,0,1,/usr/lib/firmware/amlogic/bluetooth
5872066200380,8543,0,1,0,0,1,0,1,/usr/lib/firmware/tehuti
5872066688114,8543,0,1,0,0,1,0,1,/usr/lib/firmware/radeon
5872090589359,8543,0,1,0,0,1,0,1,/usr/lib/firmware/ea
5872091136301,8543,0,1,0,0,1,0,1,/usr/lib/firmware/korg
5872092135638,8543,0,1,0,0,1,0,1,/usr/lib/firmware/rtlwifi
5872094837544,8543,0,1,0,0,1,0,1,/usr/lib/firmware/ath11k
5872096264747,8543,0,1,0,0,1,0,1,/usr/lib/firmware/ath11k/IPQ5018
5872097266780,8543,0,1,0,0,1,0,1,/usr/lib/firmware/ath11k/IPQ5018/hw1.0
5872098252607,8543,0,1,0,0,1,0,1,/usr/lib/firmware/ath11k/IPQ6018
5872099212056,8543,0,1,0,0,1,0,1,/usr/lib/firmware/ath11k/IPQ6018/hw1.0
5872100311045,8543,0,1,0,0,1,0,1,/usr/lib/firmware/ath11k/WCN6750
5872100841170,8543,0,1,0,0,1,0,1,/usr/lib/firmware/ath11k/WCN6750/hw1.0
5872101745305,8543,0,1,0,0,1,0,1,/usr/lib/firmware/ath11k/WCN6750/hw1.0/sc7280
5872101759810,8543,0,1,0,0,1,0,1,/usr/lib/firmware/ath11k/WCN6750/hw1.0/qcm6490
5872102066364,8543,0,1,0,0,1,0,1,/usr/lib/firmware/ath11k/QCN9074
5872102568727,8543,0,1,0,0,1,0,1,/usr/lib/firmware/ath11k/QCN9074/hw1.0
5872102943658,8543,0,1,0,0,1,0,1,/usr/lib/firmware/ath11k/QCA6390
5872103199363,8543,0,1,0,0,1,0,1,/usr/lib/firmware/ath11k/QCA6390/hw2.0
5872103421721,8543,0,1,0,0,1,0,1,/usr/lib/firmware/ath11k/IPQ8074
5872103679344,8543,0,1,0,0,1,0,1,/usr/lib/firmware/ath11k/IPQ8074/hw2.0
5872103937720,8543,0,1,0,0,1,0,1,/usr/lib/firmware/ath11k/QCA6698AQ
5872104198302,8543,0,1,0,0,1,0,1,/usr/lib/firmware/ath11k/QCA6698AQ/hw2.1
5872104942911,8543,0,1,0,0,1,0,1,/usr/lib/firmware/ath11k/WCN6855
5872105277904,8543,0,1,0,0,1,0,1,/usr/lib/firmware/ath11k/WCN6855/hw2.1
5872106369591,8543,0,1,0,0,1,0,1,/usr/lib/firmware/ath11k/WCN6855/hw2.0
5872106403391,8543,0,1,0,0,1,0,1,/usr/lib/firmware/ath11k/QCA2066
5872106426751,8543,0,1,0,0,1,0,1,/usr/lib/firmware/ath11k/QCA2066/hw2.1
5872106442174,8543,0,1,0,0,1,0,1,/usr/lib/firmware/cavium
5872106836502,8543,0,1,0,0,1,0,1,/usr/lib/firmware/airoha
5872107198054,8543,0,1,0,0,1,0,1,/usr/lib/firmware/amd
5872107573260,8543,0,1,0,0,1,0,1,/usr/lib/firmware/intel
5872120342789,8543,0,1,0,0,1,0,1,/usr/lib/firmware/intel/vpu
5872121142331,8543,0,1,0,0,1,0,1,/usr/lib/firmware/intel/sof-ipc4-tplg
5872122620399,8543,0,1,0,0,1,0,1,/usr/lib/firmware/intel/ish
5872122864540,8543,0,1,0,0,1,0,1,/usr/lib/firmware/intel/sof-ipc4
5872123237359,8543,0,1,0,0,1,0,1,/usr/lib/firmware/intel/sof-ipc4/adl
5872123735801,8543,0,1,0,0,1,0,1,/usr/lib/firmware/intel/sof-ipc4/adl/community
5872123945334,8543,0,1,0,0,1,0,1,/usr/lib/firmware/intel/sof-ipc4/adl/intel-signed
5872123959393,8543,0,1,0,0,1,0,1,/usr/lib/firmware/intel/sof-ipc4/arl-s
5872124481351,8543,0,1,0,0,1,0,1,/usr/lib/firmware/intel/sof-ipc4/arl-s/community
5872125251803,8543,0,1,0,0,1,0,1,/usr/lib/firmware/intel/sof-ipc4/arl-s/intel-signed
5872125266973,8543,0,1,0,0,1,0,1,/usr/lib/firmware/intel/sof-ipc4/ptl
5872126281904,8543,0,1,0,0,1,0,1,/usr/lib/firmware/intel/sof-ipc4/ptl/community
5872126589475,8543,0,1,0,0,1,0,1,/usr/lib/firmware/intel/sof-ipc4/ptl/intel-signed
5872126606041,8543,0,1,0,0,1,0,1,/usr/lib/firmware/intel/sof-ipc4/mtl
5872126953609,8543,0,1,0,0,1,0,1,/usr/lib/firmware/intel/sof-ipc4/mtl/community
5872126967364,8543,0,1,0,0,1,0,1,/usr/lib/firmware/intel/sof-ipc4/mtl/intel-signed
5872126976750,8543,0,1,0,0,1,0,1,/usr/lib/firmware/intel/sof-ipc4/lnl
5872127571252,8543,0,1,0,0,1,0,1,/usr/lib/firmware/intel/sof-ipc4/lnl/community
5872127807650,8543,0,1,0,0,1,0,1,/usr/lib/firmware/intel/sof-ipc4/lnl/intel-signed
5872127822793,8543,0,1,0,0,1,0,1,/usr/lib/firmware/intel/sof-ipc4/ehl
5872128556324,8543,0,1,0,0,1,0,1,/usr/lib/firmware/intel/sof-ipc4/ehl/community
5872129726323,8543,0,1,0,0,1,0,1,/usr/lib/firmware/intel/sof-ipc4/rpl-s
5872130693021,8543,0,1,0,0,1,0,1,/usr/lib/firmware/intel/sof-ipc4/rpl-s/community
5872131526246,8543,0,1,0,0,1,0,1,/usr/lib/firmware/intel/sof-ipc4/rpl-s/intel-signed
5872131542294,8543,0,1,0,0,1,0,1,/usr/lib/firmware/intel/sof-ipc4/tgl
5872131787760,8543,0,1,0,0,1,0,1,/usr/lib/firmware/intel/sof-ipc4/tgl/community
5872131810100,8543,0,1,0,0,1,0,1,/usr/lib/firmware/intel/sof-ipc4/tgl/intel-signed
5872131820698,8543,0,1,0,0,1,0,1,/usr/lib/firmware/intel/sof-ipc4/adl-n
5872132364232,8543,0,1,0,0,1,0,1,/usr/lib/firmware/intel/sof-ipc4/adl-n/community
5872133118883,8543,0,1,0,0,1,0,1,/usr/lib/firmware/intel/sof-ipc4/adl-n/intel-signed
5872133135150,8543,0,1,0,0,1,0,1,/usr/lib/firmware/intel/sof-ipc4/adl-s
5872134230565,8543,0,1,0,0,1,0,1,/usr/lib/firmware/intel/sof-ipc4/adl-s/community
5872134499197,8543,0,1,0,0,1,0,1,/usr/lib/firmware/intel/sof-ipc4/adl-s/intel-signed
5872134510353,8543,0,1,0,0,1,0,1,/usr/lib/firmware/intel/sof-ipc4/rpl
5872135121833,8543,0,1,0,0,1,0,1,/usr/lib/firmware/intel/sof-ipc4/rpl/community
5872135389158,8543,0,1,0,0,1,0,1,/usr/lib/firmware/intel/sof-ipc4/rpl/intel-signed
5872135402055,8543,0,1,0,0,1,0,1,/usr/lib/firmware/intel/sof-ipc4/arl
5872136170910,8543,0,1,0,0,1,0,1,/usr/lib/firmware/intel/sof-ipc4/arl/community
5872136415008,8543,0,1,0,0,1,0,1,/usr/lib/firmware/intel/sof-ipc4/arl/intel-signed
5872136431678,8543,0,1,0,0,1,0,1,/usr/lib/firmware/intel/sof-ipc4/tgl-h
5872136987256,8543,0,1,0,0,1,0,1,/usr/lib/firmware/intel/sof-ipc4/tgl-h/community
5872137004606,8543,0,1,0,0,1,0,1,/usr/lib/firmware/intel/sof-ipc4/tgl-h/intel-signed
5872137017690,8543,0,1,0,0,1,0,1,/usr/lib/firmware/intel/vsc
5872140720989,8543,0,1,0,0,1,0,1,/usr/lib/firmware/intel/avs
5872140792932,8543,0,1,0,0,1,0,1,/usr/lib/firmware/intel/avs/cnl
5872140814799,8543,0,1,0,0,1,0,1,/usr/lib/firmware/intel/avs/apl
5872140833889,8543,0,1,0,0,1,0,1,/usr/lib/firmware/intel/avs/skl
5872140854885,8543,0,1,0,0,1,0,1,/usr/lib/firmware/intel/sof-ipc4-lib
5872142162379,8543,0,1,0,0,1,0,1,/usr/lib/firmware/intel/sof-ipc4-lib/lnl
5872143561243,8543,0,1,0,0,1,0,1,/usr/lib/firmware/intel/sof-ipc4-lib/lnl/community
5872144114539,8543,0,1,0,0,1,0,1,/usr/lib/firmware/intel/sof-ipc4-lib/lnl/intel-signed
5872144153954,8543,0,1,0,0,1,0,1,/usr/lib/firmware/intel/ice
5872144890644,8543,0,1,0,0,1,0,1,/usr/lib/firmware/intel/ice/ddp-lag
5872145549741,8543,0,1,0,0,1,0,1,/usr/lib/firmware/intel/ice/ddp-comms
5872146139124,8543,0,1,0,0,1,0,1,/usr/lib/firmware/intel/ice/ddp-wireless_edge
5872146646076,8543,0,1,0,0,1,0,1,/usr/lib/firmware/intel/ice/ddp
5872147955802,8543,0,1,0,0,1,0,1,/usr/lib/firmware/intel/catpt
5872148091961,8543,0,1,0,0,1,0,1,/usr/lib/firmware/intel/catpt/bdw
5872148131592,8543,0,1,0,0,1,0,1,/usr/lib/firmware/intel/sof
5872151917266,8543,0,1,0,0,1,0,1,/usr/lib/firmware/intel/sof/community
5872153528215,8543,0,1,0,0,1,0,1,/usr/lib/firmware/intel/sof/intel-signed
5872153610846,8543,0,1,0,0,1,0,1,/usr/lib/firmware/intel/sof-tplg
5872156193878,8543,0,1,0,0,1,0,1,/usr/lib/firmware/intel/ipu
5872156224319,8543,0,1,0,0,1,0,1,/usr/lib/firmware/rtl_nic
5872156606062,8543,0,1,0,0,1,0,1,/usr/lib/firmware/cirrus
5872268624617,8543,0,1,0,0,1,0,1,/usr/lib/firmware/cirrus/cs35l56
5872268715481,8543,0,1,0,0,1,0,1,/usr/lib/firmware/cirrus/cs35l41
5872268830381,8543,0,1,0,0,1,0,1,/usr/lib/firmware/cirrus/cs35l41/v6.78.0
5872268856382,8543,0,1,0,0,1,0,1,/usr/lib/firmware/cirrus/cs35l41/v6.39.0
5872268881217,8543,0,1,0,0,1,0,1,/usr/lib/firmware/cirrus/cs35l41/bincfgs
5872268916947,8543,0,1,0,0,1,0,1,/usr/lib/firmware/cirrus/cs35l41/v6.68.0
5872268947517,8543,0,1,0,0,1,0,1,/usr/lib/firmware/cirrus/cs35l41/v6.63.0
5872268979406,8543,0,1,0,0,1,0,1,/usr/lib/firmware/cirrus/cs35l41/v6.83.0
5872269126535,8543,0,1,0,0,1,0,1,/usr/lib/firmware/cirrus/cs35l41/v6.56.0
5872269172602,8543,0,1,0,0,1,0,1,/usr/lib/firmware/cirrus/cs35l41/v6.47.0
5872269194652,8543,0,1,0,0,1,0,1,/usr/lib/firmware/cirrus/cs35l41/v6.61.1
5872269215794,8543,0,1,0,0,1,0,1,/usr/lib/firmware/cirrus/cs35l41/v6.80.0
5872269237079,8543,0,1,0,0,1,0,1,/usr/lib/firmware/amdnpu
5872270327668,8543,0,1,0,0,1,0,1,/usr/lib/firmware/amdnpu/17f0_10
5872271150641,8543,0,1,0,0,1,0,1,/usr/lib/firmware/amdnpu/17f0_11
5872272484226,8543,0,1,0,0,1,0,1,/usr/lib/firmware/amdnpu/1502_00
5872274286406,8543,0,1,0,0,1,0,1,/usr/lib/firmware/isci
5872275890348,8543,0,1,0,0,1,0,1,/usr/lib/firmware/ath12k
5872276914543,8543,0,1,0,0,1,0,1,/usr/lib/firmware/ath12k/WCN7850
5872277758545,8543,0,1,0,0,1,0,1,/usr/lib/firmware/ath12k/WCN7850/hw2.0
5872278726837,8543,0,1,0,0,1,0,1,/usr/lib/firmware/ath12k/QCN9274
5872279726280,8543,0,1,0,0,1,0,1,/usr/lib/firmware/ath12k/QCN9274/hw2.0
5872280718394,8543,0,1,0,0,1,0,1,/usr/lib/firmware/ti-connectivity
5872281862006,8543,0,1,0,0,1,0,1,/usr/lib/firmware/yamaha
5872282720723,8543,0,1,0,0,1,0,1,/usr/lib/firmware/keyspan
5872283720815,8543,0,1,0,0,1,0,1,/usr/lib/firmware/meson
5872284208479,8543,0,1,0,0,1,0,1,/usr/lib/firmware/meson/vdec
5872285345768,8543,0,1,0,0,1,0,1,/usr/lib/firmware/cis
5872285802692,8543,0,1,0,0,1,0,1,/usr/lib/firmware/wfx
5872286728121,8543,0,1,0,0,1,0,1,/usr/lib/firmware/vxge
5872287290851,8543,0,1,0,0,1,0,1,/usr/lib/firmware/advansys
5872287965832,8543,0,1,0,0,1,0,1,/usr/lib/firmware/nvidia
5872290434027,8543,0,1,0,0,1,0,1,/usr/lib/firmware/nvidia/tegra194
5872291378768,8543,0,1,0,0,1,0,1,/usr/lib/firmware/nvidia/ad104
5872292947985,8543,0,1,0,0,1,0,1,/usr/lib/firmware/nvidia/ga102
5872294282889,8543,0,1,0,0,1,0,1,/usr/lib/firmware/nvidia/ga102/sec2
5872295045018,8543,0,1,0,0,1,0,1,/usr/lib/firmware/nvidia/ga102/gsp
5872295714993,8543,0,1,0,0,1,0,1,/usr/lib/firmware/nvidia/ga102/nvdec
5872296267571,8543,0,1,0,0,1,0,1,/usr/lib/firmware/nvidia/ga102/gr
5872296985732,8543,0,1,0,0,1,0,1,/usr/lib/firmware/nvidia/ga102/acr
5872297785633,8543,0,1,0,0,1,0,1,/usr/lib/firmware/nvidia/ga103
5872298832952,8543,0,1,0,0,1,0,1,/usr/lib/firmware/nvidia/ga103/sec2
5872300707318,8543,0,1,0,0,1,0,1,/usr/lib/firmware/nvidia/ga103/nvdec
5872301355740,8543,0,1,0,0,1,0,1,/usr/lib/firmware/nvidia/ga103/gr
5872301852249,8543,0,1,0,0,1,0,1,/usr/lib/firmware/nvidia/ga103/acr
5872302410921,8543,0,1,0,0,1,0,1,/usr/lib/firmware/nvidia/tu106
5872303768372,8543,0,1,0,0,1,0,1,/usr/lib/firmware/nvidia/tu106/sec2
5872305163218,8543,0,1,0,0,1,0,1,/usr/lib/firmware/nvidia/tu106/nvdec
5872306832249,8543,0,1,0,0,1,0,1,/usr/lib/firmware/nvidia/tu106/gr
5872310855371,8543,0,1,0,0,1,0,1,/usr/lib/firmware/nvidia/tu106/acr
5872313794728,8543,0,1,0,0,1,0,1,/usr/lib/firmware/nvidia/gm204
5872314443929,8543,0,1,0,0,1,0,1,/usr/lib/firmware/nvidia/gm204/gr
5872316203383,8543,0,1,0,0,1,0,1,/usr/lib/firmware/nvidia/gm204/acr
5872316779149,8543,0,1,0,0,1,0,1,/usr/lib/firmware/nvidia/gp10b
5872317840409,8543,0,1,0,0,1,0,1,/usr/lib/firmware/nvidia/gp10b/pmu
5872318529051,8543,0,1,0,0,1,0,1,/usr/lib/firmware/nvidia/gp10b/gr
5872320702700,8543,0,1,0,0,1,0,1,/usr/lib/firmware/nvidia/gp10b/acr
5872321248909,8543,0,1,0,0,1,0,1,/usr/lib/firmware/nvidia/gp102
5872321593464,8543,0,1,0,0,1,0,1,/usr/lib/firmware/nvidia/gp102/sec2
5872322245217,8543,0,1,0,0,1,0,1,/usr/lib/firmware/nvidia/gp102/nvdec
5872322865269,8543,0,1,0,0,1,0,1,/usr/lib/firmware/nvidia/gp102/gr
5872323593015,8543,0,1,0,0,1,0,1,/usr/lib/firmware/nvidia/gp102/acr
5872323630223,8543,0,1,0,0,1,0,1,/usr/lib/firmware/nvidia/gv100
5872323817677,8543,0,1,0,0,1,0,1,/usr/lib/firmware/nvidia/gv100/sec2
5872324450761,8543,0,1,0,0,1,0,1,/usr/lib/firmware/nvidia/gv100/nvdec
5872324873544,8543,0,1,0,0,1,0,1,/usr/lib/firmware/nvidia/gv100/gr
5872324910440,8543,0,1,0,0,1,0,1,/usr/lib/firmware/nvidia/gv100/acr
5872325900853,8543,0,1,0,0,1,0,1,/usr/lib/firmware/nvidia/ga106
5872327620257,8543,0,1,0,0,1,0,1,/usr/lib/firmware/nvidia/ga106/sec2
5872328439876,8543,0,1,0,0,1,0,1,/usr/lib/firmware/nvidia/ga106/nvdec
5872329179593,8543,0,1,0,0,1,0,1,/usr/lib/firmware/nvidia/ga106/gr
5872329816661,8543,0,1,0,0,1,0,1,/usr/lib/firmware/nvidia/ga106/acr
5872330411605,8543,0,1,0,0,1,0,1,/usr/lib/firmware/nvidia/ad107
5872330958518,8543,0,1,0,0,1,0,1,/usr/lib/firmware/nvidia/gp107
5872331130667,8543,0,1,0,0,1,0,1,/usr/lib/firmware/nvidia/gp107/sec2
5872331942019,8543,0,1,0,0,1,0,1,/usr/lib/firmware/nvidia/gp107/nvdec
5872332500462,8543,0,1,0,0,1,0,1,/usr/lib/firmware/nvidia/gp107/gr
5872332677459,8543,0,1,0,0,1,0,1,/usr/lib/firmware/nvidia/gp107/acr
5872333422808,8543,0,1,0,0,1,0,1,/usr/lib/firmware/nvidia/ga100
5872333964210,8543,0,1,0,0,1,0,1,/usr/lib/firmware/nvidia/ga100/gsp
5872334793255,8543,0,1,0,0,1,0,1,/usr/lib/firmware/nvidia/gp100
5872334832060,8543,0,1,0,0,1,0,1,/usr/lib/firmware/nvidia/gp100/gr
5872334864404,8543,0,1,0,0,1,0,1,/usr/lib/firmware/nvidia/gp100/acr
5872335343055,8543,0,1,0,0,1,0,1,/usr/lib/firmware/nvidia/gp104
5872335917106,8543,0,1,0,0,1,0,1,/usr/lib/firmware/nvidia/gp104/sec2
5872337122851,8543,0,1,0,0,1,0,1,/usr/lib/firmware/nvidia/gp104/nvdec
5872337577283,8543,0,1,0,0,1,0,1,/usr/lib/firmware/nvidia/gp104/gr
5872338171857,8543,0,1,0,0,1,0,1,/usr/lib/firmware/nvidia/gp104/acr
5872338667850,8543,0,1,0,0,1,0,1,/usr/lib/firmware/nvidia/gm200
5872338703778,8543,0,1,0,0,1,0,1,/usr/lib/firmware/nvidia/gm200/gr
5872338722805,8543,0,1,0,0,1,0,1,/usr/lib/firmware/nvidia/gm200/acr
5872338735541,8543,0,1,0,0,1,0,1,/usr/lib/firmware/nvidia/gp106
5872339261702,8543,0,1,0,0,1,0,1,/usr/lib/firmware/nvidia/gp106/sec2
5872340283193,8543,0,1,0,0,1,0,1,/usr/lib/firmware/nvidia/gp106/nvdec
5872340730784,8543,0,1,0,0,1,0,1,/usr/lib/firmware/nvidia/gp106/gr
5872341380390,8543,0,1,0,0,1,0,1,/usr/lib/firmware/nvidia/gp106/acr
5872341927914,8543,0,1,0,0,1,0,1,/usr/lib/firmware/nvidia/ad106
5872342467247,8543,0,1,0,0,1,0,1,/usr/lib/firmware/nvidia/gk20a
5872343122149,8543,0,1,0,0,1,0,1,/usr/lib/firmware/nvidia/gm20b
5872343789917,8543,0,1,0,0,1,0,1,/usr/lib/firmware/nvidia/gm20b/pmu
5872344331115,8543,0,1,0,0,1,0,1,/usr/lib/firmware/nvidia/gm20b/gr
5872344998134,8543,0,1,0,0,1,0,1,/usr/lib/firmware/nvidia/gm20b/acr
5872345522017,8543,0,1,0,0,1,0,1,/usr/lib/firmware/nvidia/ad103
5872346008530,8543,0,1,0,0,1,0,1,/usr/lib/firmware/nvidia/ga107
5872347227497,8543,0,1,0,0,1,0,1,/usr/lib/firmware/nvidia/ga107/sec2
5872348531662,8543,0,1,0,0,1,0,1,/usr/lib/firmware/nvidia/ga107/nvdec
5872348914579,8543,0,1,0,0,1,0,1,/usr/lib/firmware/nvidia/ga107/gr
5872349191968,8543,0,1,0,0,1,0,1,/usr/lib/firmware/nvidia/ga107/acr
5872349974063,8543,0,1,0,0,1,0,1,/usr/lib/firmware/nvidia/gp108
5872350598513,8543,0,1,0,0,1,0,1,/usr/lib/firmware/nvidia/gp108/sec2
5872351458663,8543,0,1,0,0,1,0,1,/usr/lib/firmware/nvidia/gp108/nvdec
5872352002516,8543,0,1,0,0,1,0,1,/usr/lib/firmware/nvidia/gp108/gr
5872352957597,8543,0,1,0,0,1,0,1,/usr/lib/firmware/nvidia/gp108/acr
5872353393726,8543,0,1,0,0,1,0,1,/usr/lib/firmware/nvidia/ad102
5872353418627,8543,0,1,0,0,1,0,1,/usr/lib/firmware/nvidia/ad102/gsp
5872353830919,8543,0,1,0,0,1,0,1,/usr/lib/firmware/nvidia/tegra124
5872354166388,8543,0,1,0,0,1,0,1,/usr/lib/firmware/nvidia/tu116
5872355391755,8543,0,1,0,0,1,0,1,/usr/lib/firmware/nvidia/tu116/sec2
5872355893819,8543,0,1,0,0,1,0,1,/usr/lib/firmware/nvidia/tu116/gsp
5872356592849,8543,0,1,0,0,1,0,1,/usr/lib/firmware/nvidia/tu116/nvdec
5872357046820,8543,0,1,0,0,1,0,1,/usr/lib/firmware/nvidia/tu116/gr
5872357615574,8543,0,1,0,0,1,0,1,/usr/lib/firmware/nvidia/tu116/acr
5872358065277,8543,0,1,0,0,1,0,1,/usr/lib/firmware/nvidia/tegra210
5872358507512,8543,0,1,0,0,1,0,1,/usr/lib/firmware/nvidia/tu10x
5872358910028,8543,0,1,0,0,1,0,1,/usr/lib/firmware/nvidia/tu10x/typec
5872359215641,8543,0,1,0,0,1,0,1,/usr/lib/firmware/nvidia/tu117
5872359974812,8543,0,1,0,0,1,0,1,/usr/lib/firmware/nvidia/tu117/sec2
5872360405013,8543,0,1,0,0,1,0,1,/usr/lib/firmware/nvidia/tu117/nvdec
5872360755741,8543,0,1,0,0,1,0,1,/usr/lib/firmware/nvidia/tu117/gr
5872361190210,8543,0,1,0,0,1,0,1,/usr/lib/firmware/nvidia/tu117/acr
5872361575439,8543,0,1,0,0,1,0,1,/usr/lib/firmware/nvidia/tu102
5872361626323,8543,0,1,0,0,1,0,1,/usr/lib/firmware/nvidia/tu102/sec2
5872361640567,8543,0,1,0,0,1,0,1,/usr/lib/firmware/nvidia/tu102/gsp
5872361654605,8543,0,1,0,0,1,0,1,/usr/lib/firmware/nvidia/tu102/nvdec
5872361666103,8543,0,1,0,0,1,0,1,/usr/lib/firmware/nvidia/tu102/gr
5872361694415,8543,0,1,0,0,1,0,1,/usr/lib/firmware/nvidia/tu102/acr
5872361715553,8543,0,1,0,0,1,0,1,/usr/lib/firmware/nvidia/tu104
5872362249471,8543,0,1,0,0,1,0,1,/usr/lib/firmware/nvidia/tu104/sec2
5872363156962,8543,0,1,0,0,1,0,1,/usr/lib/firmware/nvidia/tu104/nvdec
5872363507775,8543,0,1,0,0,1,0,1,/usr/lib/firmware/nvidia/tu104/gr
5872363840787,8543,0,1,0,0,1,0,1,/usr/lib/firmware/nvidia/tu104/acr
5872364309142,8543,0,1,0,0,1,0,1,/usr/lib/firmware/nvidia/gm206
5872364701930,8543,0,1,0,0,1,0,1,/usr/lib/firmware/nvidia/gm206/gr
5872365185439,8543,0,1,0,0,1,0,1,/usr/lib/firmware/nvidia/gm206/acr
5872365506818,8543,0,1,0,0,1,0,1,/usr/lib/firmware/nvidia/tegra186
5872365756975,8543,0,1,0,0,1,0,1,/usr/lib/firmware/nvidia/ga104
5872366121154,8543,0,1,0,0,1,0,1,/usr/lib/firmware/nvidia/ga104/sec2
5872366548959,8543,0,1,0,0,1,0,1,/usr/lib/firmware/nvidia/ga104/nvdec
5872367104533,8543,0,1,0,0,1,0,1,/usr/lib/firmware/nvidia/ga104/gr
5872367523635,8543,0,1,0,0,1,0,1,/usr/lib/firmware/nvidia/ga104/acr
5872367807468,8543,0,1,0,0,1,0,1,/usr/lib/firmware/amdgpu
5872374054763,8543,0,1,0,0,1,0,1,/usr/lib/firmware/vicam
5872374465686,8543,0,1,0,0,1,0,1,/usr/lib/firmware/amphion
5872374897651,8543,0,1,0,0,1,0,1,/usr/lib/firmware/amphion/vpu
5872375212293,8543,0,1,0,0,1,0,1,/usr/lib/firmware/emi26
5872375413477,8543,0,1,0,0,1,0,1,/usr/lib/firmware/ti
5872375445748,8543,0,1,0,0,1,0,1,/usr/lib/firmware/ti/tas2563
5872375458113,8543,0,1,0,0,1,0,1,/usr/lib/firmware/ti/tas2781
5872375560531,8543,0,1,0,0,1,0,1,/usr/lib/firmware/ar3k
5872375924107,8543,0,1,0,0,1,0,1,/usr/lib/firmware/ar3k/1020201coex
5872376167421,8543,0,1,0,0,1,0,1,/usr/lib/firmware/ueagle-atm
5872376474104,8543,0,1,0,0,1,0,1,/usr/lib/firmware/keyspan_pda
5872376872846,8543,0,1,0,0,1,0,1,/usr/lib/firmware/microchip
5872377171925,8543,0,1,0,0,1,0,1,/usr/lib/firmware/cxgb4
5872377720290,8543,0,1,0,0,1,0,1,/usr/lib/firmware/cxgb4/configs
5872377736481,8543,0,1,0,0,1,0,1,/usr/lib/firmware/bnx2x
5872377985675,8543,0,1,0,0,1,0,1,/usr/lib/firmware/ath10k
5872379123629,8543,0,1,0,0,1,0,1,/usr/lib/firmware/ath10k/QCA6174
5872379581537,8543,0,1,0,0,1,0,1,/usr/lib/firmware/ath10k/QCA6174/hw2.1
5872380002896,8543,0,1,0,0,1,0,1,/usr/lib/firmware/ath10k/QCA6174/hw3.0
5872380316346,8543,0,1,0,0,1,0,1,/usr/lib/firmware/ath10k/WCN3990
5872380652118,8543,0,1,0,0,1,0,1,/usr/lib/firmware/ath10k/WCN3990/hw1.0
5872380963547,8543,0,1,0,0,1,0,1,/usr/lib/firmware/ath10k/WCN3990/hw1.0/qrb4210
5872381897222,8543,0,1,0,0,1,0,1,/usr/lib/firmware/ath10k/WCN3990/hw1.0/qcm2290
5872381911807,8543,0,1,0,0,1,0,1,/usr/lib/firmware/ath10k/QCA99X0
5872382231695,8543,0,1,0,0,1,0,1,/usr/lib/firmware/ath10k/QCA99X0/hw2.0
5872382512532,8543,0,1,0,0,1,0,1,/usr/lib/firmware/ath10k/QCA9984
5872382862629,8543,0,1,0,0,1,0,1,/usr/lib/firmware/ath10k/QCA9984/hw1.0
5872383749102,8543,0,1,0,0,1,0,1,/usr/lib/firmware/ath10k/QCA9888
5872384160769,8543,0,1,0,0,1,0,1,/usr/lib/firmware/ath10k/QCA9888/hw2.0
5872384507233,8543,0,1,0,0,1,0,1,/usr/lib/firmware/ath10k/QCA988X
5872384877765,8543,0,1,0,0,1,0,1,/usr/lib/firmware/ath10k/QCA988X/hw2.0
5872385535650,8543,0,1,0,0,1,0,1,/usr/lib/firmware/ath10k/QCA9887
5872385556433,8543,0,1,0,0,1,0,1,/usr/lib/firmware/ath10k/QCA9887/hw1.0
5872385567005,8543,0,1,0,0,1,0,1,/usr/lib/firmware/ath10k/QCA4019
5872385579505,8543,0,1,0,0,1,0,1,/usr/lib/firmware/ath10k/QCA4019/hw1.0
5872385589641,8543,0,1,0,0,1,0,1,/usr/lib/firmware/ath10k/QCA9377
5872385826355,8543,0,1,0,0,1,0,1,/usr/lib/firmware/ath10k/QCA9377/hw1.0
5872386070320,8543,0,1,0,0,1,0,1,/usr/lib/firmware/ttusb-budget
5872386378268,8543,0,1,0,0,1,0,1,/usr/lib/firmware/atmel
5872386548647,8543,0,1,0,0,1,0,1,/usr/lib/firmware/3com
5872386904621,8543,0,1,0,0,1,0,1,/usr/lib/firmware/qcom
5872387798077,8543,0,1,0,0,1,0,1,/usr/lib/firmware/qcom/sa8775p
5872388781806,8543,0,1,0,0,1,0,1,/usr/lib/firmware/qcom/sm8250
5872389728381,8543,0,1,0,0,1,0,1,/usr/lib/firmware/qcom/sm8250/Thundercomm
5872389995872,8543,0,1,0,0,1,0,1,/usr/lib/firmware/qcom/sm8250/Thundercomm/RB5
5872391176341,8543,0,1,0,0,1,0,1,/usr/lib/firmware/qcom/vpu-1.0
5872391557606,8543,0,1,0,0,1,0,1,/usr/lib/firmware/qcom/sdm845
5872391638984,8543,0,1,0,0,1,0,1,/usr/lib/firmware/qcom/sdm845/Thundercomm
5872391655284,8543,0,1,0,0,1,0,1,/usr/lib/firmware/qcom/sdm845/Thundercomm/db845c
5872391666916,8543,0,1,0,0,1,0,1,/usr/lib/firmware/qcom/qrb4210
5872392170539,8543,0,1,0,0,1,0,1,/usr/lib/firmware/qcom/qcs6490
5872392993115,8543,0,1,0,0,1,0,1,/usr/lib/firmware/qcom/sm8550
5872393262707,8543,0,1,0,0,1,0,1,/usr/lib/firmware/qcom/venus-6.0
5872393583815,8543,0,1,0,0,1,0,1,/usr/lib/firmware/qcom/venus-5.4
5872393890827,8543,0,1,0,0,1,0,1,/usr/lib/firmware/qcom/venus-4.2
5872394377446,8543,0,1,0,0,1,0,1,/usr/lib/firmware/qcom/sc8280xp
5872396159663,8543,0,1,0,0,1,0,1,/usr/lib/firmware/qcom/sc8280xp/LENOVO
5872396202593,8543,0,1,0,0,1,0,1,/usr/lib/firmware/qcom/sc8280xp/LENOVO/21BX
5872396233988,8543,0,1,0,0,1,0,1,/usr/lib/firmware/qcom/aic100
5872396842333,8543,0,1,0,0,1,0,1,/usr/lib/firmware/qcom/qcm2290
5872396935216,8543,0,1,0,0,1,0,1,/usr/lib/firmware/qcom/venus-1.8
5872397881053,8543,0,1,0,0,1,0,1,/usr/lib/firmware/qcom/apq8016
5872398488754,8543,0,1,0,0,1,0,1,/usr/lib/firmware/qcom/venus-5.2
5872399154812,8543,0,1,0,0,1,0,1,/usr/lib/firmware/qcom/vpu-2.0
5872399874840,8543,0,1,0,0,1,0,1,/usr/lib/firmware/qcom/sm8650
5872400483248,8543,0,1,0,0,1,0,1,/usr/lib/firmware/qcom/apq8096
5872400502019,8543,0,1,0,0,1,0,1,/usr/lib/firmware/qcom/qcm6490
5872400519959,8543,0,1,0,0,1,0,1,/usr/lib/firmware/emi62
5872400809585,8543,0,1,0,0,1,0,1,/usr/lib/firmware/cpia2
5872400986113,8543,0,1,0,0,1,0,1,/usr/lib/firmware/powervr
5872401176410,8543,0,1,0,0,1,0,1,/usr/lib/firmware/ene-ub6250
5872401370813,8543,0,1,0,0,1,0,1,/usr/lib/firmware/go7007
5872401388243,8543,0,1,0,0,1,0,1,/usr/lib/firmware/ositech
5872401658400,8543,0,1,0,0,1,0,1,/usr/lib/firmware/ath6k
5872402016059,8543,0,1,0,0,1,0,1,/usr/lib/firmware/ath6k/AR6003
5872402346600,8543,0,1,0,0,1,0,1,/usr/lib/firmware/ath6k/AR6003/hw2.0
5872402639772,8543,0,1,0,0,1,0,1,/usr/lib/firmware/ath6k/AR6003/hw2.1.1
5872403018144,8543,0,1,0,0,1,0,1,/usr/lib/firmware/ath6k/AR6004
5872403539666,8543,0,1,0,0,1,0,1,/usr/lib/firmware/ath6k/AR6004/hw1.2
5872403715836,8543,0,1,0,0,1,0,1,/usr/lib/firmware/ath6k/AR6004/hw1.3
5872403886330,8543,0,1,0,0,1,0,1,/usr/lib/firmware/qlogic
5872404211388,8543,0,1,0,0,1,0,1,/usr/lib/binfmt.d
5872404614124,8543,0,1,0,0,1,0,1,/usr/lib/initramfs-tools
5872405338061,8543,0,1,0,0,1,0,1,/usr/lib/initramfs-tools/bin
5872405854334,8543,0,1,0,0,1,0,1,/usr/lib/aspell
5872410218533,8543,0,1,0,0,1,0,1,/usr/lib/aspell/x86_64-linux-gnu
5872410914124,8543,0,1,0,0,1,0,1,/usr/lib/bfd-plugins
5872411651050,8543,0,1,0,0,1,0,1,/usr/lib/ufw
5872411996794,8543,0,1,0,0,1,0,1,/usr/lib/x86_64-linux-gnu
5872445621168,8543,0,1,0,0,1,0,1,/usr/lib/x86_64-linux-gnu/webkit2gtk-4.1
5872446462840,8543,0,1,0,0,1,0,1,/usr/lib/x86_64-linux-gnu/webkit2gtk-4.1/injected-bundle
5872447246670,8543,0,1,0,0,1,0,1,/usr/lib/x86_64-linux-gnu/samba
5872453117090,8543,0,1,0,0,1,0,1,/usr/lib/x86_64-linux-gnu/samba/ldb
5872455236264,8543,0,1,0,0,1,0,1,/usr/lib/x86_64-linux-gnu/samba/bind9
5872455957268,8543,0,1,0,0,1,0,1,/usr/lib/x86_64-linux-gnu/samba/gensec
5872456666171,8543,0,1,0,0,1,0,1,/usr/lib/x86_64-linux-gnu/samba/auth
5872457281951,8543,0,1,0,0,1,0,1,/usr/lib/x86_64-linux-gnu/samba/process_model
5872457823837,8543,0,1,0,0,1,0,1,/usr/lib/x86_64-linux-gnu/samba/idmap
5872458501817,8543,0,1,0,0,1,0,1,/usr/lib/x86_64-linux-gnu/libgtk-3-0t64
5872459282855,8543,0,1,0,0,1,0,1,/usr/lib/x86_64-linux-gnu/girepository-1.0
5872459430931,8543,0,1,0,0,1,0,1,/usr/lib/x86_64-linux-gnu/nautilus
5872460166593,8543,0,1,0,0,1,0,1,/usr/lib/x86_64-linux-gnu/nautilus/extensions-4
5872460205626,8543,0,1,0,0,1,0,1,/usr/lib/x86_64-linux-gnu/gvfs
5872460230500,8543,0,1,0,0,1,0,1,/usr/lib/x86_64-linux-gnu/tc
5872462554698,8543,0,1,0,0,1,0,1,/usr/lib/x86_64-linux-gnu/glib-2.0
5872463235061,8543,0,1,0,0,1,0,1,/usr/lib/x86_64-linux-gnu/gprofng
5872463948094,8543,0,1,0,0,1,0,1,/usr/lib/x86_64-linux-gnu/packagekit-backend
5872464809392,8543,0,1,0,0,1,0,1,/usr/lib/x86_64-linux-gnu/bfd-plugins
5872465590346,8543,0,1,0,0,1,0,1,/usr/lib/x86_64-linux-gnu/enchant-2
5872466323575,8543,0,1,0,0,1,0,1,/usr/lib/x86_64-linux-gnu/audit
5876815461569,7813,0,1,0,0,1,0,1,/proc/8257/cmdline
5876815566093,7813,0,1,0,0,1,0,1,/proc/8102/cmdline
5877016425559,7813,0,1,0,0,1,0,1,/proc/8257/cmdline
5877016525599,7813,0,1,0,0,1,0,1,/proc/8102/cmdline
5877217411691,7813,0,1,0,0,1,0,1,/proc/8257/cmdline
5877217515089,7813,0,1,0,0,1,0,1,/proc/8102/cmdline
5877418219607,7813,0,1,0,0,1,0,1,/proc/8257/cmdline
5877418308230,7813,0,1,0,0,1,0,1,/proc/8102/cmdline
5877619328185,7813,0,1,0,0,1,0,1,/proc/8257/cmdline
5877619457508,7813,0,1,0,0,1,0,1,/proc/8102/cmdline
5877820242661,7813,0,1,0,0,1,0,1,/proc/8257/cmdline
5877820437882,7813,0,1,0,0,1,0,1,/proc/8102/cmdline
5878021239962,7813,0,1,0,0,1,0,1,/proc/8257/cmdline
5878021511426,7813,0,1,0,0,1,0,1,/proc/8102/cmdline
5878222840810,7813,0,1,0,0,1,0,1,/proc/8257/cmdline
5878223108103,7813,0,1,0,0,1,0,1,/proc/8102/cmdline
5878423188589,7813,0,1,0,0,1,0,1,/proc/8257/cmdline
5878423311954,7813,0,1,0,0,1,0,1,/proc/8102/cmdline
5878624229239,7813,0,1,0,0,1,0,1,/proc/8257/cmdline
5878624320873,7813,0,1,0,0,1,0,1,/proc/8102/cmdline
5878824870505,7813,0,1,0,0,1,0,1,/proc/8257/cmdline
5878824972354,7813,0,1,0,0,1,0,1,/proc/8102/cmdline
5879025883523,7813,0,1,0,0,1,0,1,/proc/8257/cmdline
5879025979242,7813,0,1,0,0,1,0,1,/proc/8102/cmdline
5879226112630,7813,0,1,0,0,1,0,1,/proc/8257/cmdline
5879226231176,7813,0,1,0,0,1,0,1,/proc/8102/cmdline
5879427496895,7813,0,1,0,0,1,0,1,/proc/8257/cmdline
5879427582542,7813,0,1,0,0,1,0,1,/proc/8102/cmdline
5879628420493,7813,0,1,0,0,1,0,1,/proc/8257/cmdline
5879628517963,7813,0,1,0,0,1,0,1,/proc/8102/cmdline
5879829310044,7813,0,1,0,0,1,0,1,/proc/8257/cmdline
5879829412232,7813,0,1,0,0,1,0,1,/proc/8102/cmdline
5880029959614,7813,0,1,0,0,1,0,1,/proc/8257/cmdline
5880030150054,7813,0,1,0,0,1,0,1,/proc/8102/cmdline
5880231162668,7813,0,1,0,0,1,0,1,/proc/8257/cmdline
5880231266172,7813,0,1,0,0,1,0,1,/proc/8102/cmdline
5880432191444,7813,0,1,0,0,1,0,1,/proc/8257/cmdline
5880432301816,7813,0,1,0,0,1,0,1,/proc/8102/cmdline
5880633353204,7813,0,1,0,0,1,0,1,/proc/8257/cmdline
5880633455064,7813,0,1,0,0,1,0,1,/proc/8102/cmdline
5880834372510,7813,0,1,0,0,1,0,1,/proc/8257/cmdline
5880834503775,7813,0,1,0,0,1,0,1,/proc/8102/cmdline
5881035372794,7813,0,1,0,0,1,0,1,/proc/8257/cmdline
5881035462035,7813,0,1,0,0,1,0,1,/proc/8102/cmdline
5881236345937,7813,0,1,0,0,1,0,1,/proc/8257/cmdline
5881236452337,7813,0,1,0,0,1,0,1,/proc/8102/cmdline
5881437293481,7813,0,1,0,0,1,0,1,/proc/8257/cmdline
5881437402216,7813,0,1,0,0,1,0,1,/proc/8102/cmdline
5881638187971,7813,0,1,0,0,1,0,1,/proc/8257/cmdline
5881638273108,7813,0,1,0,0,1,0,1,/proc/8102/cmdline
5881839214075,7813,0,1,0,0,1,0,1,/proc/8257/cmdline
5881839318011,7813,0,1,0,0,1,0,1,/proc/8102/cmdline
5881854133876,601,0,1,0,0,1,0,1,/sys/fs/cgroup/user.slice/user-1000.slice/user@1000.service/mem
5881854179435,601,0,1,0,0,1,0,1,/sys/fs/cgroup/user.slice/user-1000.slice/user@1000.service/mem
5881854218120,601,0,1,0,0,1,0,1,/sys/fs/cgroup/user.slice/user-1000.slice/user@1000.service/mem
5881854253962,601,0,1,0,0,1,0,1,/sys/fs/cgroup/user.slice/user-1000.slice/user@1000.service/mem
5882040365213,7813,0,1,0,0,1,0,1,/proc/8257/cmdline
5882040471088,7813,0,1,0,0,1,0,1,/proc/8102/cmdline
5882241327623,7813,0,1,0,0,1,0,1,/proc/8257/cmdline
5882241410482,7813,0,1,0,0,1,0,1,/proc/8102/cmdline
5882441937311,7813,0,1,0,0,1,0,1,/proc/8257/cmdline
5882442087553,7813,0,1,0,0,1,0,1,/proc/8102/cmdline
5882642797025,7813,0,1,0,0,1,0,1,/proc/8257/cmdline
5882642874556,7813,0,1,0,0,1,0,1,/proc/8102/cmdline
5882843508824,7813,0,1,0,0,1,0,1,/proc/8257/cmdline
5882843601997,7813,0,1,0,0,1,0,1,/proc/8102/cmdline
5883044373858,7813,0,1,0,0,1,0,1,/proc/8257/cmdline
5883044437556,7813,0,1,0,0,1,0,1,/proc/8102/cmdline
5883103679132,601,0,1,0,0,1,0,1,/sys/fs/cgroup/user.slice/user-1000.slice/user@1000.service/mem
5883103891169,601,0,1,0,0,1,0,1,/sys/fs/cgroup/user.slice/user-1000.slice/user@1000.service/mem
5883103935906,601,0,1,0,0,1,0,1,/sys/fs/cgroup/user.slice/user-1000.slice/user@1000.service/mem
5883103983385,601,0,1,0,0,1,0,1,/sys/fs/cgroup/user.slice/user-1000.slice/user@1000.service/mem
5883104257047,601,0,1,0,0,1,0,1,/sys/fs/cgroup/user.slice/user-1000.slice/user@1000.service/mem
5883104308294,601,0,1,0,0,1,0,1,/sys/fs/cgroup/user.slice/user-1000.slice/user@1000.service/mem
5883245279735,7813,0,1,0,0,1,0,1,/proc/8257/cmdline
5883245396047,7813,0,1,0,0,1,0,1,/proc/8102/cmdline
5883446272136,7813,0,1,0,0,1,0,1,/proc/8257/cmdline
5883446384762,7813,0,1,0,0,1,0,1,/proc/8102/cmdline
5883647368463,7813,0,1,0,0,1,0,1,/proc/8257/cmdline
5883647462239,7813,0,1,0,0,1,0,1,/proc/8102/cmdline
5883848248075,7813,0,1,0,0,1,0,1,/proc/8257/cmdline
5883848352227,7813,0,1,0,0,1,0,1,/proc/8102/cmdline
5884049263720,7813,0,1,0,0,1,0,1,/proc/8257/cmdline
5884049377851,7813,0,1,0,0,1,0,1,/proc/8102/cmdline
5884250371135,7813,0,1,0,0,1,0,1,/proc/8257/cmdline
5884250498632,7813,0,1,0,0,1,0,1,/proc/8102/cmdline
5884353734433,601,0,1,0,0,1,0,1,/sys/fs/cgroup/user.slice/user-1000.slice/user@1000.service/mem
5884353918970,601,0,1,0,0,1,0,1,/sys/fs/cgroup/user.slice/user-1000.slice/user@1000.service/mem
5884353954370,601,0,1,0,0,1,0,1,/sys/fs/cgroup/user.slice/user-1000.slice/user@1000.service/mem
5884353985159,601,0,1,0,0,1,0,1,/sys/fs/cgroup/user.slice/user-1000.slice/user@1000.service/mem
5884354192693,601,0,1,0,0,1,0,1,/sys/fs/cgroup/user.slice/user-1000.slice/user@1000.service/mem
5884354232526,601,0,1,0,0,1,0,1,/sys/fs/cgroup/user.slice/user-1000.slice/user@1000.service/mem
5884451205782,7813,0,1,0,0,1,0,1,/proc/8257/cmdline
5884451267474,7813,0,1,0,0,1,0,1,/proc/8102/cmdline
5884651904832,7813,0,1,0,0,1,0,1,/proc/8257/cmdline
5884651999395,7813,0,1,0,0,1,0,1,/proc/8102/cmdline
5884853204091,7813,0,1,0,0,1,0,1,/proc/8257/cmdline
5884853401449,7813,0,1,0,0,1,0,1,/proc/8102/cmdline
5885054325287,7813,0,1,0,0,1,0,1,/proc/8257/cmdline
5885054429483,7813,0,1,0,0,1,0,1,/proc/8102/cmdline
5885255202264,7813,0,1,0,0,1,0,1,/proc/8257/cmdline
5885255279963,7813,0,1,0,0,1,0,1,/proc/8102/cmdline
5885456198219,7813,0,1,0,0,1,0,1,/proc/8257/cmdline
5885456310721,7813,0,1,0,0,1,0,1,/proc/8102/cmdline
5885603717607,601,0,1,0,0,1,0,1,/sys/fs/cgroup/user.slice/user-1000.slice/user@1000.service/mem
5885603924804,601,0,1,0,0,1,0,1,/sys/fs/cgroup/user.slice/user-1000.slice/user@1000.service/mem
5885603961958,601,0,1,0,0,1,0,1,/sys/fs/cgroup/user.slice/user-1000.slice/user@1000.service/mem
5885603989383,601,0,1,0,0,1,0,1,/sys/fs/cgroup/user.slice/user-1000.slice/user@1000.service/mem
5885604168956,601,0,1,0,0,1,0,1,/sys/fs/cgroup/user.slice/user-1000.slice/user@1000.service/mem
5885604204057,601,0,1,0,0,1,0,1,/sys/fs/cgroup/user.slice/user-1000.slice/user@1000.service/mem
5885657302680,7813,0,1,0,0,1,0,1,/proc/8257/cmdline
5885657438918,7813,0,1,0,0,1,0,1,/proc/8102/cmdline
5885858731600,7813,0,1,0,0,1,0,1,/proc/8257/cmdline
5885858972041,7813,0,1,0,0,1,0,1,/proc/8102/cmdline
5886059914669,7813,0,1,0,0,1,0,1,/proc/8257/cmdline
5886060152136,7813,0,1,0,0,1,0,1,/proc/8102/cmdline
5886261165018,7813,0,1,0,0,1,0,1,/proc/8257/cmdline
5886261311070,7813,0,1,0,0,1,0,1,/proc/8102/cmdline
5886462340989,7813,0,1,0,0,1,0,1,/proc/8257/cmdline
5886462431093,7813,0,1,0,0,1,0,1,/proc/8102/cmdline
5886663619586,7813,0,1,0,0,1,0,1,/proc/8257/cmdline
5886663726582,7813,0,1,0,0,1,0,1,/proc/8102/cmdline
5886853722204,601,0,1,0,0,1,0,1,/sys/fs/cgroup/user.slice/user-1000.slice/user@1000.service/mem
5886853940062,601,0,1,0,0,1,0,1,/sys/fs/cgroup/user.slice/user-1000.slice/user@1000.service/mem
5886853988240,601,0,1,0,0,1,0,1,/sys/fs/cgroup/user.slice/user-1000.slice/user@1000.service/mem
5886854218634,601,0,1,0,0,1,0,1,/sys/fs/cgroup/user.slice/user-1000.slice/user@1000.service/mem
5886854254552,601,0,1,0,0,1,0,1,/sys/fs/cgroup/user.slice/user-1000.slice/user@1000.service/mem
5886854285520,601,0,1,0,0,1,0,1,/sys/fs/cgroup/user.slice/user-1000.slice/user@1000.service/mem
5886864582072,7813,0,1,0,0,1,0,1,/proc/8257/cmdline
5886864709900,7813,0,1,0,0,1,0,1,/proc/8102/cmdline
5887065447565,7813,0,1,0,0,1,0,1,/proc/8257/cmdline
5887065536759,7813,0,1,0,0,1,0,1,/proc/8102/cmdline
5887266404149,7813,0,1,0,0,1,0,1,/proc/8257/cmdline
5887266526658,7813,0,1,0,0,1,0,1,/proc/8102/cmdline
5887466948821,7813,0,1,0,0,1,0,1,/proc/8257/cmdline
5887467224890,7813,0,1,0,0,1,0,1,/proc/8102/cmdline
5887667968042,7813,0,1,0,0,1,0,1,/proc/8257/cmdline
5887668285214,7813,0,1,0,0,1,0,1,/proc/8102/cmdline
5887869264297,7813,0,1,0,0,1,0,1,/proc/8257/cmdline
5887869362062,7813,0,1,0,0,1,0,1,/proc/8102/cmdline
5888070337255,7813,0,1,0,0,1,0,1,/proc/8257/cmdline
5888070454693,7813,0,1,0,0,1,0,1,/proc/8102/cmdline
5888103844655,601,0,1,0,0,1,0,1,/sys/fs/cgroup/user.slice/user-1000.slice/user@1000.service/mem
5888104231609,601,0,1,0,0,1,0,1,/sys/fs/cgroup/user.slice/user-1000.slice/user@1000.service/mem
5888104299239,601,0,1,0,0,1,0,1,/sys/fs/cgroup/user.slice/user-1000.slice/user@1000.service/mem
5888104331861,601,0,1,0,0,1,0,1,/sys/fs/cgroup/user.slice/user-1000.slice/user@1000.service/mem
5888104358764,601,0,1,0,0,1,0,1,/sys/fs/cgroup/user.slice/user-1000.slice/user@1000.service/mem
5888104386916,601,0,1,0,0,1,0,1,/sys/fs/cgroup/user.slice/user-1000.slice/user@1000.service/mem
5888271592549,7813,0,1,0,0,1,0,1,/proc/8257/cmdline
5888271702325,7813,0,1,0,0,1,0,1,/proc/8102/cmdline
5888471851383,7813,0,1,0,0,1,0,1,/proc/8257/cmdline
5888471966307,7813,0,1,0,0,1,0,1,/proc/8102/cmdline
5888673189126,7813,0,1,0,0,1,0,1,/proc/8257/cmdline
5888673280024,7813,0,1,0,0,1,0,1,/proc/8102/cmdline
5888874452329,7813,0,1,0,0,1,0,1,/proc/8257/cmdline
5888874540036,7813,0,1,0,0,1,0,1,/proc/8102/cmdline
5889075255925,7813,0,1,0,0,1,0,1,/proc/8257/cmdline
5889075355654,7813,0,1,0,0,1,0,1,/proc/8102/cmdline
5889276599638,7813,0,1,0,0,1,0,1,/proc/8257/cmdline
5889276842837,7813,0,1,0,0,1,0,1,/proc/8102/cmdline
5889353627212,601,0,1,0,0,1,0,1,/sys/fs/cgroup/user.slice/user-1000.slice/user@1000.service/mem
5889353771581,601,0,1,0,0,1,0,1,/sys/fs/cgroup/user.slice/user-1000.slice/user@1000.service/mem
5889353801637,601,0,1,0,0,1,0,1,/sys/fs/cgroup/user.slice/user-1000.slice/user@1000.service/mem
5889353827326,601,0,1,0,0,1,0,1,/sys/fs/cgroup/user.slice/user-1000.slice/user@1000.service/mem
5889353852312,601,0,1,0,0,1,0,1,/sys/fs/cgroup/user.slice/user-1000.slice/user@1000.service/mem
5889353878498,601,0,1,0,0,1,0,1,/sys/fs/cgroup/user.slice/user-1000.slice/user@1000.service/mem
5889478209065,7813,0,1,0,0,1,0,1,/proc/8257/cmdline
5889478303949,7813,0,1,0,0,1,0,1,/proc/8102/cmdline
5889679455689,7813,0,1,0,0,1,0,1,/proc/8257/cmdline
5889679569392,7813,0,1,0,0,1,0,1,/proc/8102/cmdline
5889880693846,7813,0,1,0,0,1,0,1,/proc/8257/cmdline
5889880766331,7813,0,1,0,0,1,0,1,/proc/8102/cmdline
5890081676628,7813,0,1,0,0,1,0,1,/proc/8257/cmdline
5890081769868,7813,0,1,0,0,1,0,1,/proc/8102/cmdline
5890282937068,7813,0,1,0,0,1,0,1,/proc/8257/cmdline
5890283160573,7813,0,1,0,0,1,0,1,/proc/8102/cmdline
5890484345277,7813,0,1,0,0,1,0,1,/proc/8257/cmdline
5890484472416,7813,0,1,0,0,1,0,1,/proc/8102/cmdline
5890604121487,601,0,1,0,0,1,0,1,/sys/fs/cgroup/user.slice/user-1000.slice/user@1000.service/mem
5890604321713,601,0,1,0,0,1,0,1,/sys/fs/cgroup/user.slice/user-1000.slice/user@1000.service/mem
5890604370143,601,0,1,0,0,1,0,1,/sys/fs/cgroup/user.slice/user-1000.slice/user@1000.service/mem
5890604412300,601,0,1,0,0,1,0,1,/sys/fs/cgroup/user.slice/user-1000.slice/user@1000.service/mem
5890604454469,601,0,1,0,0,1,0,1,/sys/fs/cgroup/user.slice/user-1000.slice/user@1000.service/mem
5890604497462,601,0,1,0,0,1,0,1,/sys/fs/cgroup/user.slice/user-1000.slice/user@1000.service/mem
5890685791469,7813,0,1,0,0,1,0,1,/proc/8257/cmdline
5890685874487,7813,0,1,0,0,1,0,1,/proc/8102/cmdline
5890886787271,7813,0,1,0,0,1,0,1,/proc/8257/cmdline
5890886887660,7813,0,1,0,0,1,0,1,/proc/8102/cmdline
5891088132386,7813,0,1,0,0,1,0,1,/proc/8257/cmdline
5891088232737,7813,0,1,0,0,1,0,1,/proc/8102/cmdline
5891289486634,7813,0,1,0,0,1,0,1,/proc/8257/cmdline
5891289558532,7813,0,1,0,0,1,0,1,/proc/8102/cmdline
5891490877328,7813,0,1,0,0,1,0,1,/proc/8257/cmdline
5891490974912,7813,0,1,0,0,1,0,1,/proc/8102/cmdline
5891692210703,7813,0,1,0,0,1,0,1,/proc/8257/cmdline
5891692306380,7813,0,1,0,0,1,0,1,/proc/8102/cmdline
5891853713300,601,0,1,0,0,1,0,1,/sys/fs/cgroup/user.slice/user-1000.slice/user@1000.service/mem
5891853893900,601,0,1,0,0,1,0,1,/sys/fs/cgroup/user.slice/user-1000.slice/user@1000.service/mem
5891853928197,601,0,1,0,0,1,0,1,/sys/fs/cgroup/user.slice/user-1000.slice/user@1000.service/mem
5891853958970,601,0,1,0,0,1,0,1,/sys/fs/cgroup/user.slice/user-1000.slice/user@1000.service/mem
5891853995915,601,0,1,0,0,1,0,1,/sys/fs/cgroup/user.slice/user-1000.slice/user@1000.service/mem
5891854193091,601,0,1,0,0,1,0,1,/sys/fs/cgroup/user.slice/user-1000.slice/user@1000.service/mem
5891893549855,7813,0,1,0,0,1,0,1,/proc/8257/cmdline
5891893658850,7813,0,1,0,0,1,0,1,/proc/8102/cmdline
5892094125757,7813,0,1,0,0,1,0,1,/proc/8257/cmdline
5892094181394,7813,0,1,0,0,1,0,1,/proc/8102/cmdline
5892295316889,7813,0,1,0,0,1,0,1,/proc/8257/cmdline
5892295409555,7813,0,1,0,0,1,0,1,/proc/8102/cmdline
5892496736575,7813,0,1,0,0,1,0,1,/proc/8257/cmdline
5892496834310,7813,0,1,0,0,1,0,1,/proc/8102/cmdline
5892697369158,7813,0,1,0,0,1,0,1,/proc/8257/cmdline
5892697474296,7813,0,1,0,0,1,0,1,/proc/8102/cmdline
5892898602344,7813,0,1,0,0,1,0,1,/proc/8257/cmdline
5892898723154,7813,0,1,0,0,1,0,1,/proc/8102/cmdline
5893100172466,7813,0,1,0,0,1,0,1,/proc/8257/cmdline
5893100284167,7813,0,1,0,0,1,0,1,/proc/8102/cmdline
5893103748968,601,0,1,0,0,1,0,1,/sys/fs/cgroup/user.slice/user-1000.slice/user@1000.service/mem
5893103931438,601,0,1,0,0,1,0,1,/sys/fs/cgroup/user.slice/user-1000.slice/user@1000.service/mem
5893103973976,601,0,1,0,0,1,0,1,/sys/fs/cgroup/user.slice/user-1000.slice/user@1000.service/mem
5893104171590,601,0,1,0,0,1,0,1,/sys/fs/cgroup/user.slice/user-1000.slice/user@1000.service/mem
5893104213394,601,0,1,0,0,1,0,1,/sys/fs/cgroup/user.slice/user-1000.slice/user@1000.service/mem
5893104243466,601,0,1,0,0,1,0,1,/sys/fs/cgroup/user.slice/user-1000.slice/user@1000.service/mem
5893301686143,7813,0,1,0,0,1,0,1,/proc/8257/cmdline
5893301789748,7813,0,1,0,0,1,0,1,/proc/8102/cmdline
5893502989037,7813,0,1,0,0,1,0,1,/proc/8257/cmdline
5893503130580,7813,0,1,0,0,1,0,1,/proc/8102/cmdline
5893704362854,7813,0,1,0,0,1,0,1,/proc/8257/cmdline
5893704472406,7813,0,1,0,0,1,0,1,/proc/8102/cmdline
5893905789882,7813,0,1,0,0,1,0,1,/proc/8257/cmdline
5893905878506,7813,0,1,0,0,1,0,1,/proc/8102/cmdline
5894106974116,7813,0,1,0,0,1,0,1,/proc/8257/cmdline
5894107119435,7813,0,1,0,0,1,0,1,/proc/8102/cmdline
5894308213262,7813,0,1,0,0,1,0,1,/proc/8257/cmdline
5894308309179,7813,0,1,0,0,1,0,1,/proc/8102/cmdline
5894353641984,601,0,1,0,0,1,0,1,/sys/fs/cgroup/user.slice/user-1000.slice/user@1000.service/mem
5894353807255,601,0,1,0,0,1,0,1,/sys/fs/cgroup/user.slice/user-1000.slice/user@1000.service/mem
5894353840729,601,0,1,0,0,1,0,1,/sys/fs/cgroup/user.slice/user-1000.slice/user@1000.service/mem
5894353871313,601,0,1,0,0,1,0,1,/sys/fs/cgroup/user.slice/user-1000.slice/user@1000.service/mem
5894353903432,601,0,1,0,0,1,0,1,/sys/fs/cgroup/user.slice/user-1000.slice/user@1000.service/mem
5894353933971,601,0,1,0,0,1,0,1,/sys/fs/cgroup/user.slice/user-1000.slice/user@1000.service/mem
5894509610587,7813,0,1,0,0,1,0,1,/proc/8257/cmdline
5894509707591,7813,0,1,0,0,1,0,1,/proc/8102/cmdline
5894710137192,7813,0,1,0,0,1,0,1,/proc/8257/cmdline
5894710260907,7813,0,1,0,0,1,0,1,/proc/8102/cmdline
5894911316855,7813,0,1,0,0,1,0,1,/proc/8257/cmdline
5894911408827,7813,0,1,0,0,1,0,1,/proc/8102/cmdline
5895112592546,7813,0,1,0,0,1,0,1,/proc/8257/cmdline
5895112700012,7813,0,1,0,0,1,0,1,/proc/8102/cmdline
5895314182053,7813,0,1,0,0,1,0,1,/proc/8257/cmdline
5895314354150,7813,0,1,0,0,1,0,1,/proc/8102/cmdline
5895516162041,7813,0,1,0,0,1,0,1,/proc/8257/cmdline
5895516255445,7813,0,1,0,0,1,0,1,/proc/8102/cmdline
5895603581996,601,0,1,0,0,1,0,1,/sys/fs/cgroup/user.slice/user-1000.slice/user@1000.service/mem
5895603796725,601,0,1,0,0,1,0,1,/sys/fs/cgroup/user.slice/user-1000.slice/user@1000.service/mem
5895603841920,601,0,1,0,0,1,0,1,/sys/fs/cgroup/user.slice/user-1000.slice/user@1000.service/mem
5895603883864,601,0,1,0,0,1,0,1,/sys/fs/cgroup/user.slice/user-1000.slice/user@1000.service/mem
5895603922536,601,0,1,0,0,1,0,1,/sys/fs/cgroup/user.slice/user-1000.slice/user@1000.service/mem
5895603961208,601,0,1,0,0,1,0,1,/sys/fs/cgroup/user.slice/user-1000.slice/user@1000.service/mem
5895717841640,7813,0,1,0,0,1,0,1,/proc/8257/cmdline
5895717972172,7813,0,1,0,0,1,0,1,/proc/8102/cmdline
5895919435071,7813,0,1,0,0,1,0,1,/proc/8257/cmdline
5895919554567,7813,0,1,0,0,1,0,1,/proc/8102/cmdline
5896120291212,7813,0,1,0,0,1,0,1,/proc/8257/cmdline
5896120405037,7813,0,1,0,0,1,0,1,/proc/8102/cmdline
5896321297375,7813,0,1,0,0,1,0,1,/proc/8257/cmdline
5896321372401,7813,0,1,0,0,1,0,1,/proc/8102/cmdline
5896522266305,7813,0,1,0,0,1,0,1,/proc/8257/cmdline
5896522365589,7813,0,1,0,0,1,0,1,/proc/8102/cmdline
5896723188770,7813,0,1,0,0,1,0,1,/proc/8257/cmdline
5896723294940,7813,0,1,0,0,1,0,1,/proc/8102/cmdline
5896853664707,601,0,1,0,0,1,0,1,/sys/fs/cgroup/user.slice/user-1000.slice/user@1000.service/mem
5896853834540,601,0,1,0,0,1,0,1,/sys/fs/cgroup/user.slice/user-1000.slice/user@1000.service/mem
5896853867619,601,0,1,0,0,1,0,1,/sys/fs/cgroup/user.slice/user-1000.slice/user@1000.service/mem
5896853896066,601,0,1,0,0,1,0,1,/sys/fs/cgroup/user.slice/user-1000.slice/user@1000.service/mem
5896853923548,601,0,1,0,0,1,0,1,/sys/fs/cgroup/user.slice/user-1000.slice/user@1000.service/mem
5896853951414,601,0,1,0,0,1,0,1,/sys/fs/cgroup/user.slice/user-1000.slice/user@1000.service/mem
5896924311742,7813,0,1,0,0,1,0,1,/proc/8257/cmdline
5896924428781,7813,0,1,0,0,1,0,1,/proc/8102/cmdline
5897125490699,7813,0,1,0,0,1,0,1,/proc/8257/cmdline
5897125589372,7813,0,1,0,0,1,0,1,/proc/8102/cmdline
5897326244828,7813,0,1,0,0,1,0,1,/proc/8257/cmdline
5897326329759,7813,0,1,0,0,1,0,1,/proc/8102/cmdline
5897527286632,7813,0,1,0,0,1,0,1,/proc/8257/cmdline
5897527379811,7813,0,1,0,0,1,0,1,/proc/8102/cmdline
5897728290575,7813,0,1,0,0,1,0,1,/proc/8257/cmdline
5897728385006,7813,0,1,0,0,1,0,1,/proc/8102/cmdline
5897929283319,7813,0,1,0,0,1,0,1,/proc/8257/cmdline
5897929381082,7813,0,1,0,0,1,0,1,/proc/8102/cmdline
5898103626707,601,0,1,0,0,1,0,1,/sys/fs/cgroup/user.slice/user-1000.slice/user@1000.service/mem
5898103790185,601,0,1,0,0,1,0,1,/sys/fs/cgroup/user.slice/user-1000.slice/user@1000.service/mem
5898103822235,601,0,1,0,0,1,0,1,/sys/fs/cgroup/user.slice/user-1000.slice/user@1000.service/mem
5898103850176,601,0,1,0,0,1,0,1,/sys/fs/cgroup/user.slice/user-1000.slice/user@1000.service/mem
5898103880671,601,0,1,0,0,1,0,1,/sys/fs/cgroup/user.slice/user-1000.slice/user@1000.service/mem
5898103909136,601,0,1,0,0,1,0,1,/sys/fs/cgroup/user.slice/user-1000.slice/user@1000.service/mem
5898130292848,7813,0,1,0,0,1,0,1,/proc/8257/cmdline
5898130481914,7813,0,1,0,0,1,0,1,/proc/8102/cmdline
5898331217932,7813,0,1,0,0,1,0,1,/proc/8257/cmdline
5898331327837,7813,0,1,0,0,1,0,1,/proc/8102/cmdline
5898533415094,7813,0,1,0,0,1,0,1,/proc/8257/cmdline
5898533540472,7813,0,1,0,0,1,0,1,/proc/8102/cmdline
5898734643253,7813,0,1,0,0,1,0,1,/proc/8257/cmdline
5898734745927,7813,0,1,0,0,1,0,1,/proc/8102/cmdline
5898936141866,7813,0,1,0,0,1,0,1,/proc/8257/cmdline
5898936237003,7813,0,1,0,0,1,0,1,/proc/8102/cmdline
5899137486920,7813,0,1,0,0,1,0,1,/proc/8257/cmdline
5899137568564,7813,0,1,0,0,1,0,1,/proc/8102/cmdline
5899338774298,7813,0,1,0,0,1,0,1,/proc/8257/cmdline
5899338861826,7813,0,1,0,0,1,0,1,/proc/8102/cmdline
5899353693898,601,0,1,0,0,1,0,1,/sys/fs/cgroup/user.slice/user-1000.slice/user@1000.service/mem
5899353877543,601,0,1,0,0,1,0,1,/sys/fs/cgroup/user.slice/user-1000.slice/user@1000.service/mem
5899353912019,601,0,1,0,0,1,0,1,/sys/fs/cgroup/user.slice/user-1000.slice/user@1000.service/mem
5899353942470,601,0,1,0,0,1,0,1,/sys/fs/cgroup/user.slice/user-1000.slice/user@1000.service/mem
5899353971230,601,0,1,0,0,1,0,1,/sys/fs/cgroup/user.slice/user-1000.slice/user@1000.service/mem
5899354223573,601,0,1,0,0,1,0,1,/sys/fs/cgroup/user.slice/user-1000.slice/user@1000.service/mem
5899540220165,7813,0,1,0,0,1,0,1,/proc/8257/cmdline
5899540319202,7813,0,1,0,0,1,0,1,/proc/8102/cmdline
5899741750135,7813,0,1,0,0,1,0,1,/proc/8257/cmdline
5899741837046,7813,0,1,0,0,1,0,1,/proc/8102/cmdline
5899942839327,7813,0,1,0,0,1,0,1,/proc/8257/cmdline
5899942974819,7813,0,1,0,0,1,0,1,/proc/8102/cmdline
5900143649673,7813,0,1,0,0,1,0,1,/proc/8257/cmdline
5900143748016,7813,0,1,0,0,1,0,1,/proc/8102/cmdline
5900344988527,7813,0,1,0,0,1,0,1,/proc/8257/cmdline
5900345201412,7813,0,1,0,0,1,0,1,/proc/8102/cmdline
5900546477788,7813,0,1,0,0,1,0,1,/proc/8257/cmdline
5900546569969,7813,0,1,0,0,1,0,1,/proc/8102/cmdline
5900603706701,601,0,1,0,0,1,0,1,/sys/fs/cgroup/user.slice/user-1000.slice/user@1000.service/mem
5900603816699,601,0,1,0,0,1,0,1,/sys/fs/cgroup/user.slice/user-1000.slice/user@1000.service/mem
5900603833342,601,0,1,0,0,1,0,1,/sys/fs/cgroup/user.slice/user-1000.slice/user@1000.service/mem
5900603848233,601,0,1,0,0,1,0,1,/sys/fs/cgroup/user.slice/user-1000.slice/user@1000.service/mem
5900603862384,601,0,1,0,0,1,0,1,/sys/fs/cgroup/user.slice/user-1000.slice/user@1000.service/mem
5900603876597,601,0,1,0,0,1,0,1,/sys/fs/cgroup/user.slice/user-1000.slice/user@1000.service/mem
5900747528890,7813,0,1,0,0,1,0,1,/proc/8257/cmdline
5900747632242,7813,0,1,0,0,1,0,1,/proc/8102/cmdline
5900949153282,7813,0,1,0,0,1,0,1,/proc/8257/cmdline
5900949241983,7813,0,1,0,0,1,0,1,/proc/8102/cmdline
5901150373782,7813,0,1,0,0,1,0,1,/proc/8257/cmdline
5901150489655,7813,0,1,0,0,1,0,1,/proc/8102/cmdline
5901351840567,7813,0,1,0,0,1,0,1,/proc/8257/cmdline
5901351941075,7813,0,1,0,0,1,0,1,/proc/8102/cmdline
5901552868024,7813,0,1,0,0,1,0,1,/proc/8257/cmdline
5901552924840,7813,0,1,0,0,1,0,1,/proc/8102/cmdline
5901753648368,7813,0,1,0,0,1,0,1,/proc/8257/cmdline
5901753750408,7813,0,1,0,0,1,0,1,/proc/8102/cmdline
5901853483306,601,0,1,0,0,1,0,1,/sys/fs/cgroup/user.slice/user-1000.slice/user@1000.service/mem
5901853581337,601,0,1,0,0,1,0,1,/sys/fs/cgroup/user.slice/user-1000.slice/user@1000.service/mem
5901853618007,601,0,1,0,0,1,0,1,/sys/fs/cgroup/user.slice/user-1000.slice/user@1000.service/mem
5901853661908,601,0,1,0,0,1,0,1,/sys/fs/cgroup/user.slice/user-1000.slice/user@1000.service/mem
5901853694508,601,0,1,0,0,1,0,1,/sys/fs/cgroup/user.slice/user-1000.slice/user@1000.service/mem
5901853720097,601,0,1,0,0,1,0,1,/sys/fs/cgroup/user.slice/user-1000.slice/user@1000.service/mem
5901954276953,7813,0,1,0,0,1,0,1,/proc/8257/cmdline
5901954331755,7813,0,1,0,0,1,0,1,/proc/8102/cmdline
5902154894669,7813,0,1,0,0,1,0,1,/proc/8257/cmdline
5902154977781,7813,0,1,0,0,1,0,1,/proc/8102/cmdline
5902354859436,7813,0,1,0,0,1,0,1,/proc/8257/cmdline
5902354947283,7813,0,1,0,0,1,0,1,/proc/8102/cmdline
5902555541173,7813,0,1,0,0,1,0,1,/proc/8257/cmdline
5902555596851,7813,0,1,0,0,1,0,1,/proc/8102/cmdline
5902756461694,7813,0,1,0,0,1,0,1,/proc/8257/cmdline
5902756532864,7813,0,1,0,0,1,0,1,/proc/8102/cmdline
5902957465415,7813,0,1,0,0,1,0,1,/proc/8257/cmdline
5902957533021,7813,0,1,0,0,1,0,1,/proc/8102/cmdline
5903103429492,601,0,1,0,0,1,0,1,/sys/fs/cgroup/user.slice/user-1000.slice/user@1000.service/mem
5903103518747,601,0,1,0,0,1,0,1,/sys/fs/cgroup/user.slice/user-1000.slice/user@1000.service/mem
5903103533115,601,0,1,0,0,1,0,1,/sys/fs/cgroup/user.slice/user-1000.slice/user@1000.service/mem
5903103545527,601,0,1,0,0,1,0,1,/sys/fs/cgroup/user.slice/user-1000.slice/user@1000.service/mem
5903103557680,601,0,1,0,0,1,0,1,/sys/fs/cgroup/user.slice/user-1000.slice/user@1000.service/mem
5903103570072,601,0,1,0,0,1,0,1,/sys/fs/cgroup/user.slice/user-1000.slice/user@1000.service/mem
5903158734227,7813,0,1,0,0,1,0,1,/proc/8257/cmdline
5903158831951,7813,0,1,0,0,1,0,1,/proc/8102/cmdline
5903360585020,7813,0,1,0,0,1,0,1,/proc/8257/cmdline
5903360997155,7813,0,1,0,0,1,0,1,/proc/8102/cmdline
5903560268068,7813,0,1,0,0,1,0,1,/proc/8257/cmdline
5903560359556,7813,0,1,0,0,1,0,1,/proc/8102/cmdline
5903761333302,7813,0,1,0,0,1,0,1,/proc/8257/cmdline
5903761430580,7813,0,1,0,0,1,0,1,/proc/8102/cmdline
5903962148115,7813,0,1,0,0,1,0,1,/proc/8257/cmdline
5903962215512,7813,0,1,0,0,1,0,1,/proc/8102/cmdline
5904162787625,7813,0,1,0,0,1,0,1,/proc/8257/cmdline
5904162867200,7813,0,1,0,0,1,0,1,/proc/8102/cmdline
5904353667732,601,0,1,0,0,1,0,1,/sys/fs/cgroup/user.slice/user-1000.slice/user@1000.service/mem
5904353852267,601,0,1,0,0,1,0,1,/sys/fs/cgroup/user.slice/user-1000.slice/user@1000.service/mem
5904353886351,601,0,1,0,0,1,0,1,/sys/fs/cgroup/user.slice/user-1000.slice/user@1000.service/mem
5904353916486,601,0,1,0,0,1,0,1,/sys/fs/cgroup/user.slice/user-1000.slice/user@1000.service/mem
5904353945071,601,0,1,0,0,1,0,1,/sys/fs/cgroup/user.slice/user-1000.slice/user@1000.service/mem
5904353974253,601,0,1,0,0,1,0,1,/sys/fs/cgroup/user.slice/user-1000.slice/user@1000.service/mem
5904363524234,7813,0,1,0,0,1,0,1,/proc/8257/cmdline
5904363619490,7813,0,1,0,0,1,0,1,/proc/8102/cmdline
5904564805936,7813,0,1,0,0,1,0,1,/proc/8257/cmdline
5904564933697,7813,0,1,0,0,1,0,1,/proc/8102/cmdline
5904764867106,7813,0,1,0,0,1,0,1,/proc/8257/cmdline
5904765390805,7813,0,1,0,0,1,0,1,/proc/8102/cmdline
5904966514792,7813,0,1,0,0,1,0,1,/proc/8257/cmdline
5904966603640,7813,0,1,0,0,1,0,1,/proc/8102/cmdline
5905167295052,7813,0,1,0,0,1,0,1,/proc/8257/cmdline
5905167393634,7813,0,1,0,0,1,0,1,/proc/8102/cmdline
5905368211205,7813,0,1,0,0,1,0,1,/proc/8257/cmdline
5905368305666,7813,0,1,0,0,1,0,1,/proc/8102/cmdline
5905569289922,7813,0,1,0,0,1,0,1,/proc/8257/cmdline
5905569384754,7813,0,1,0,0,1,0,1,/proc/8102/cmdline
5905603764733,601,0,1,0,0,1,0,1,/sys/fs/cgroup/user.slice/user-1000.slice/user@1000.service/mem
5905603942422,601,0,1,0,0,1,0,1,/sys/fs/cgroup/user.slice/user-1000.slice/user@1000.service/mem
5905603974003,601,0,1,0,0,1,0,1,/sys/fs/cgroup/user.slice/user-1000.slice/user@1000.service/mem
5905604123332,601,0,1,0,0,1,0,1,/sys/fs/cgroup/user.slice/user-1000.slice/user@1000.service/mem
5905604223587,601,0,1,0,0,1,0,1,/sys/fs/cgroup/user.slice/user-1000.slice/user@1000.service/mem
5905604255265,601,0,1,0,0,1,0,1,/sys/fs/cgroup/user.slice/user-1000.slice/user@1000.service/mem
5905770216043,7813,0,1,0,0,1,0,1,/proc/8257/cmdline
5905770317320,7813,0,1,0,0,1,0,1,/proc/8102/cmdline
